WARNING: A restricted method in java.lang.System has been called
WARNING: java.lang.System::load has been called by org.fusesource.jansi.internal.JansiLoader in an unnamed module (file:/opt/maven/lib/jansi-2.4.1.jar)
WARNING: Use --enable-native-access=ALL-UNNAMED to avoid a warning for callers in this module
WARNING: Restricted methods will be blocked in a future release unless native access is enabled

WARNING: A terminally deprecated method in sun.misc.Unsafe has been called
WARNING: sun.misc.Unsafe::objectFieldOffset has been called by com.google.common.util.concurrent.AbstractFuture$UnsafeAtomicHelper (file:/opt/maven/lib/guava-33.2.1-jre.jar)
WARNING: Please consider reporting this to the maintainers of class com.google.common.util.concurrent.AbstractFuture$UnsafeAtomicHelper
WARNING: sun.misc.Unsafe::objectFieldOffset will be removed in a future release
[INFO] Scanning for projects...
[INFO] 
[INFO] ------------------< com.example:hello-world-backend >-------------------
[INFO] Building hello-world-backend 0.0.1-SNAPSHOT
[INFO]   from pom.xml
[INFO] --------------------------------[ jar ]---------------------------------
[INFO] 
[INFO] >>> spring-boot:3.2.3:run (default-cli) > test-compile @ hello-world-backend >>>
[INFO] 
[INFO] --- resources:3.3.1:resources (default-resources) @ hello-world-backend ---
[INFO] Copying 3 resources from src/main/resources to target/classes
[INFO] Copying 0 resource from src/main/resources to target/classes
[INFO] 
[INFO] --- compiler:3.11.0:compile (default-compile) @ hello-world-backend ---
[INFO] Nothing to compile - all classes are up to date
[INFO] 
[INFO] --- resources:3.3.1:testResources (default-testResources) @ hello-world-backend ---
[INFO] skip non existing resourceDirectory /Users/adarshkumarsharma/.gemini/antigravity/scratch/hello-world-app/backend/src/test/resources
[INFO] 
[INFO] --- compiler:3.11.0:testCompile (default-testCompile) @ hello-world-backend ---
[INFO] No sources to compile
[INFO] 
[INFO] <<< spring-boot:3.2.3:run (default-cli) < test-compile @ hello-world-backend <<<
[INFO] 
[INFO] 
[INFO] --- spring-boot:3.2.3:run (default-cli) @ hello-world-backend ---
[INFO] Attaching agents: []

  .   ____          _            __ _ _
 /\\ / ___'_ __ _ _(_)_ __  __ _ \ \ \ \
( ( )\___ | '_ | '_| | '_ \/ _` | \ \ \ \
 \\/  ___)| |_)| | | | | || (_| |  ) ) ) )
  '  |____| .__|_| |_|_| |_\__, | / / / /
 =========|_|==============|___/=/_/_/_/
[32m :: Spring Boot :: [39m              [2m (v3.2.3)[0;39m

[2m2026-03-09T13:45:39.843+05:30[0;39m [32m INFO[0;39m [35m34744[0;39m [2m---[0;39m [2m[  restartedMain][0;39m [2m[0;39m[36mc.example.hello.HelloWorldApplication   [0;39m [2m:[0;39m Starting HelloWorldApplication using Java 24 with PID 34744 (/Users/adarshkumarsharma/.gemini/antigravity/scratch/hello-world-app/backend/target/classes started by adarshkumarsharma in /Users/adarshkumarsharma/.gemini/antigravity/scratch/hello-world-app/backend)
[2m2026-03-09T13:45:39.844+05:30[0;39m [32m INFO[0;39m [35m34744[0;39m [2m---[0;39m [2m[  restartedMain][0;39m [2m[0;39m[36mc.example.hello.HelloWorldApplication   [0;39m [2m:[0;39m The following 1 profile is active: "dev"
[2m2026-03-09T13:45:39.863+05:30[0;39m [32m INFO[0;39m [35m34744[0;39m [2m---[0;39m [2m[  restartedMain][0;39m [2m[0;39m[36m.e.DevToolsPropertyDefaultsPostProcessor[0;39m [2m:[0;39m Devtools property defaults active! Set 'spring.devtools.add-properties' to 'false' to disable
[2m2026-03-09T13:45:39.863+05:30[0;39m [32m INFO[0;39m [35m34744[0;39m [2m---[0;39m [2m[  restartedMain][0;39m [2m[0;39m[36m.e.DevToolsPropertyDefaultsPostProcessor[0;39m [2m:[0;39m For additional web related logging consider setting the 'logging.level.web' property to 'DEBUG'
[2m2026-03-09T13:45:40.118+05:30[0;39m [32m INFO[0;39m [35m34744[0;39m [2m---[0;39m [2m[  restartedMain][0;39m [2m[0;39m[36m.s.d.r.c.RepositoryConfigurationDelegate[0;39m [2m:[0;39m Bootstrapping Spring Data JPA repositories in DEFAULT mode.
[2m2026-03-09T13:45:40.137+05:30[0;39m [32m INFO[0;39m [35m34744[0;39m [2m---[0;39m [2m[  restartedMain][0;39m [2m[0;39m[36m.s.d.r.c.RepositoryConfigurationDelegate[0;39m [2m:[0;39m Finished Spring Data repository scanning in 16 ms. Found 1 JPA repository interface.
WARNING: A restricted method in java.lang.System has been called
WARNING: java.lang.System::load has been called by org.apache.tomcat.jni.Library in an unnamed module (file:/Users/adarshkumarsharma/.m2/repository/org/apache/tomcat/embed/tomcat-embed-core/10.1.19/tomcat-embed-core-10.1.19.jar)
WARNING: Use --enable-native-access=ALL-UNNAMED to avoid a warning for callers in this module
WARNING: Restricted methods will be blocked in a future release unless native access is enabled

[2m2026-03-09T13:45:40.416+05:30[0;39m [32m INFO[0;39m [35m34744[0;39m [2m---[0;39m [2m[  restartedMain][0;39m [2m[0;39m[36mo.s.b.w.embedded.tomcat.TomcatWebServer [0;39m [2m:[0;39m Tomcat initialized with port 8080 (http)
[2m2026-03-09T13:45:40.423+05:30[0;39m [32m INFO[0;39m [35m34744[0;39m [2m---[0;39m [2m[  restartedMain][0;39m [2m[0;39m[36mo.apache.catalina.core.StandardService  [0;39m [2m:[0;39m Starting service [Tomcat]
[2m2026-03-09T13:45:40.423+05:30[0;39m [32m INFO[0;39m [35m34744[0;39m [2m---[0;39m [2m[  restartedMain][0;39m [2m[0;39m[36mo.apache.catalina.core.StandardEngine   [0;39m [2m:[0;39m Starting Servlet engine: [Apache Tomcat/10.1.19]
[2m2026-03-09T13:45:40.438+05:30[0;39m [32m INFO[0;39m [35m34744[0;39m [2m---[0;39m [2m[  restartedMain][0;39m [2m[0;39m[36mo.a.c.c.C.[Tomcat].[localhost].[/]      [0;39m [2m:[0;39m Initializing Spring embedded WebApplicationContext
[2m2026-03-09T13:45:40.439+05:30[0;39m [32m INFO[0;39m [35m34744[0;39m [2m---[0;39m [2m[  restartedMain][0;39m [2m[0;39m[36mw.s.c.ServletWebServerApplicationContext[0;39m [2m:[0;39m Root WebApplicationContext: initialization completed in 576 ms
[2m2026-03-09T13:45:40.461+05:30[0;39m [32m INFO[0;39m [35m34744[0;39m [2m---[0;39m [2m[  restartedMain][0;39m [2m[0;39m[36mcom.zaxxer.hikari.HikariDataSource      [0;39m [2m:[0;39m HikariPool-1 - Starting...
[2m2026-03-09T13:45:40.552+05:30[0;39m [32m INFO[0;39m [35m34744[0;39m [2m---[0;39m [2m[  restartedMain][0;39m [2m[0;39m[36mcom.zaxxer.hikari.pool.HikariPool       [0;39m [2m:[0;39m HikariPool-1 - Added connection conn0: url=jdbc:h2:mem:adarsh_awning user=SA
[2m2026-03-09T13:45:40.553+05:30[0;39m [32m INFO[0;39m [35m34744[0;39m [2m---[0;39m [2m[  restartedMain][0;39m [2m[0;39m[36mcom.zaxxer.hikari.HikariDataSource      [0;39m [2m:[0;39m HikariPool-1 - Start completed.
[2m2026-03-09T13:45:40.558+05:30[0;39m [32m INFO[0;39m [35m34744[0;39m [2m---[0;39m [2m[  restartedMain][0;39m [2m[0;39m[36mo.s.b.a.h2.H2ConsoleAutoConfiguration   [0;39m [2m:[0;39m H2 console available at '/h2-console'. Database available at 'jdbc:h2:mem:adarsh_awning'
[2m2026-03-09T13:45:40.609+05:30[0;39m [32m INFO[0;39m [35m34744[0;39m [2m---[0;39m [2m[  restartedMain][0;39m [2m[0;39m[36mo.hibernate.jpa.internal.util.LogHelper [0;39m [2m:[0;39m HHH000204: Processing PersistenceUnitInfo [name: default]
[2m2026-03-09T13:45:40.646+05:30[0;39m [32m INFO[0;39m [35m34744[0;39m [2m---[0;39m [2m[  restartedMain][0;39m [2m[0;39m[36morg.hibernate.Version                   [0;39m [2m:[0;39m HHH000412: Hibernate ORM core version 6.4.4.Final
[2m2026-03-09T13:45:40.662+05:30[0;39m [32m INFO[0;39m [35m34744[0;39m [2m---[0;39m [2m[  restartedMain][0;39m [2m[0;39m[36mo.h.c.internal.RegionFactoryInitiator   [0;39m [2m:[0;39m HHH000026: Second-level cache disabled
[2m2026-03-09T13:45:40.770+05:30[0;39m [32m INFO[0;39m [35m34744[0;39m [2m---[0;39m [2m[  restartedMain][0;39m [2m[0;39m[36mo.s.o.j.p.SpringPersistenceUnitInfo     [0;39m [2m:[0;39m No LoadTimeWeaver setup: ignoring JPA class transformer
[2m2026-03-09T13:45:40.791+05:30[0;39m [33m WARN[0;39m [35m34744[0;39m [2m---[0;39m [2m[  restartedMain][0;39m [2m[0;39m[36morg.hibernate.orm.deprecation           [0;39m [2m:[0;39m HHH90000025: H2Dialect does not need to be specified explicitly using 'hibernate.dialect' (remove the property setting and it will be selected by default)
[2m2026-03-09T13:45:41.127+05:30[0;39m [32m INFO[0;39m [35m34744[0;39m [2m---[0;39m [2m[  restartedMain][0;39m [2m[0;39m[36mo.h.e.t.j.p.i.JtaPlatformInitiator      [0;39m [2m:[0;39m HHH000489: No JTA platform available (set 'hibernate.transaction.jta.platform' to enable JTA platform integration)
Hibernate: create table user_roles (user_id bigint not null, role varchar(255))
Hibernate: create table users (id bigint generated by default as identity, email varchar(255) not null, password varchar(255) not null, username varchar(255) not null, primary key (id))
Hibernate: alter table if exists users drop constraint if exists UK_6dotkott2kjsp8vw4d0m25fb7
Hibernate: alter table if exists users add constraint UK_6dotkott2kjsp8vw4d0m25fb7 unique (email)
Hibernate: alter table if exists users drop constraint if exists UK_r43af9ap4edm43mmtq01oddj6
Hibernate: alter table if exists users add constraint UK_r43af9ap4edm43mmtq01oddj6 unique (username)
Hibernate: alter table if exists user_roles add constraint FKhfh9dx7w3ubf1co1vdev94g3f foreign key (user_id) references users
[2m2026-03-09T13:45:41.154+05:30[0;39m [32m INFO[0;39m [35m34744[0;39m [2m---[0;39m [2m[  restartedMain][0;39m [2m[0;39m[36mj.LocalContainerEntityManagerFactoryBean[0;39m [2m:[0;39m Initialized JPA EntityManagerFactory for persistence unit 'default'
[2m2026-03-09T13:45:41.397+05:30[0;39m [33m WARN[0;39m [35m34744[0;39m [2m---[0;39m [2m[  restartedMain][0;39m [2m[0;39m[36mJpaBaseConfiguration$JpaWebConfiguration[0;39m [2m:[0;39m spring.jpa.open-in-view is enabled by default. Therefore, database queries may be performed during view rendering. Explicitly configure spring.jpa.open-in-view to disable this warning
[2m2026-03-09T13:45:41.712+05:30[0;39m [32m INFO[0;39m [35m34744[0;39m [2m---[0;39m [2m[  restartedMain][0;39m [2m[0;39m[36mo.s.s.web.DefaultSecurityFilterChain    [0;39m [2m:[0;39m Will secure any request with [org.springframework.security.web.session.DisableEncodeUrlFilter@57c5547, org.springframework.security.web.context.request.async.WebAsyncManagerIntegrationFilter@31595772, org.springframework.security.web.context.SecurityContextHolderFilter@378da218, org.springframework.security.web.header.HeaderWriterFilter@5036ade9, org.springframework.web.filter.CorsFilter@5c28d489, org.springframework.security.web.authentication.logout.LogoutFilter@6fc520e0, com.example.hello.security.AuthTokenFilter@3ec05cfd, org.springframework.security.web.savedrequest.RequestCacheAwareFilter@29dc765d, org.springframework.security.web.servletapi.SecurityContextHolderAwareRequestFilter@7a87fac2, org.springframework.security.web.authentication.AnonymousAuthenticationFilter@38cf904b, org.springframework.security.web.session.SessionManagementFilter@337aa4cc, org.springframework.security.web.access.ExceptionTranslationFilter@5e2ad37f, org.springframework.security.web.access.intercept.AuthorizationFilter@7ec94b19]
[2m2026-03-09T13:45:41.833+05:30[0;39m [32m INFO[0;39m [35m34744[0;39m [2m---[0;39m [2m[  restartedMain][0;39m [2m[0;39m[36mo.s.b.d.a.OptionalLiveReloadServer      [0;39m [2m:[0;39m LiveReload server is running on port 35729
[2m2026-03-09T13:45:41.846+05:30[0;39m [32m INFO[0;39m [35m34744[0;39m [2m---[0;39m [2m[  restartedMain][0;39m [2m[0;39m[36mo.s.b.w.embedded.tomcat.TomcatWebServer [0;39m [2m:[0;39m Tomcat started on port 8080 (http) with context path ''
[2m2026-03-09T13:45:41.850+05:30[0;39m [32m INFO[0;39m [35m34744[0;39m [2m---[0;39m [2m[  restartedMain][0;39m [2m[0;39m[36mc.example.hello.HelloWorldApplication   [0;39m [2m:[0;39m Started HelloWorldApplication in 2.146 seconds (process running for 2.313)
[2m2026-03-09T14:00:46.203+05:30[0;39m [32m INFO[0;39m [35m34744[0;39m [2m---[0;39m [2m[   File Watcher][0;39m [2m[0;39m[36mrtingClassPathChangeChangedEventListener[0;39m [2m:[0;39m Restarting due to 1 class path change (0 additions, 0 deletions, 1 modification)
[2m2026-03-09T14:00:46.330+05:30[0;39m [32m INFO[0;39m [35m34744[0;39m [2m---[0;39m [2m[       Thread-5][0;39m [2m[0;39m[36mj.LocalContainerEntityManagerFactoryBean[0;39m [2m:[0;39m Closing JPA EntityManagerFactory for persistence unit 'default'
[2m2026-03-09T14:00:46.382+05:30[0;39m [33m WARN[0;39m [35m34744[0;39m [2m---[0;39m [2m[       Thread-5][0;39m [2m[0;39m[36mo.s.b.f.support.DisposableBeanAdapter   [0;39m [2m:[0;39m Invocation of destroy method failed on bean with name 'inMemoryDatabaseShutdownExecutor': org.h2.jdbc.JdbcSQLNonTransientConnectionException: Database is already closed (to disable automatic closing at VM shutdown, add ";DB_CLOSE_ON_EXIT=FALSE" to the db URL) [90121-224]
[2m2026-03-09T14:00:46.383+05:30[0;39m [32m INFO[0;39m [35m34744[0;39m [2m---[0;39m [2m[       Thread-5][0;39m [2m[0;39m[36mcom.zaxxer.hikari.HikariDataSource      [0;39m [2m:[0;39m HikariPool-1 - Shutdown initiated...
[2m2026-03-09T14:00:46.391+05:30[0;39m [32m INFO[0;39m [35m34744[0;39m [2m---[0;39m [2m[       Thread-5][0;39m [2m[0;39m[36mcom.zaxxer.hikari.HikariDataSource      [0;39m [2m:[0;39m HikariPool-1 - Shutdown completed.

  .   ____          _            __ _ _
 /\\ / ___'_ __ _ _(_)_ __  __ _ \ \ \ \
( ( )\___ | '_ | '_| | '_ \/ _` | \ \ \ \
 \\/  ___)| |_)| | | | | || (_| |  ) ) ) )
  '  |____| .__|_| |_|_| |_\__, | / / / /
 =========|_|==============|___/=/_/_/_/
[32m :: Spring Boot :: [39m              [2m (v3.2.3)[0;39m

[2m2026-03-09T14:00:46.596+05:30[0;39m [32m INFO[0;39m [35m34744[0;39m [2m---[0;39m [2m[  restartedMain][0;39m [2m[0;39m[36mc.example.hello.HelloWorldApplication   [0;39m [2m:[0;39m Starting HelloWorldApplication using Java 24 with PID 34744 (/Users/adarshkumarsharma/.gemini/antigravity/scratch/hello-world-app/backend/target/classes started by adarshkumarsharma in /Users/adarshkumarsharma/.gemini/antigravity/scratch/hello-world-app/backend)
[2m2026-03-09T14:00:46.596+05:30[0;39m [32m INFO[0;39m [35m34744[0;39m [2m---[0;39m [2m[  restartedMain][0;39m [2m[0;39m[36mc.example.hello.HelloWorldApplication   [0;39m [2m:[0;39m The following 1 profile is active: "dev"
[2m2026-03-09T14:00:46.733+05:30[0;39m [32m INFO[0;39m [35m34744[0;39m [2m---[0;39m [2m[  restartedMain][0;39m [2m[0;39m[36m.s.d.r.c.RepositoryConfigurationDelegate[0;39m [2m:[0;39m Bootstrapping Spring Data JPA repositories in DEFAULT mode.
[2m2026-03-09T14:00:46.742+05:30[0;39m [32m INFO[0;39m [35m34744[0;39m [2m---[0;39m [2m[  restartedMain][0;39m [2m[0;39m[36m.s.d.r.c.RepositoryConfigurationDelegate[0;39m [2m:[0;39m Finished Spring Data repository scanning in 8 ms. Found 1 JPA repository interface.
[2m2026-03-09T14:00:46.876+05:30[0;39m [32m INFO[0;39m [35m34744[0;39m [2m---[0;39m [2m[  restartedMain][0;39m [2m[0;39m[36mo.s.b.w.embedded.tomcat.TomcatWebServer [0;39m [2m:[0;39m Tomcat initialized with port 8080 (http)
[2m2026-03-09T14:00:46.877+05:30[0;39m [32m INFO[0;39m [35m34744[0;39m [2m---[0;39m [2m[  restartedMain][0;39m [2m[0;39m[36mo.apache.catalina.core.StandardService  [0;39m [2m:[0;39m Starting service [Tomcat]
[2m2026-03-09T14:00:46.877+05:30[0;39m [32m INFO[0;39m [35m34744[0;39m [2m---[0;39m [2m[  restartedMain][0;39m [2m[0;39m[36mo.apache.catalina.core.StandardEngine   [0;39m [2m:[0;39m Starting Servlet engine: [Apache Tomcat/10.1.19]
[2m2026-03-09T14:00:46.883+05:30[0;39m [32m INFO[0;39m [35m34744[0;39m [2m---[0;39m [2m[  restartedMain][0;39m [2m[0;39m[36mo.a.c.c.C.[Tomcat].[localhost].[/]      [0;39m [2m:[0;39m Initializing Spring embedded WebApplicationContext
[2m2026-03-09T14:00:46.883+05:30[0;39m [32m INFO[0;39m [35m34744[0;39m [2m---[0;39m [2m[  restartedMain][0;39m [2m[0;39m[36mw.s.c.ServletWebServerApplicationContext[0;39m [2m:[0;39m Root WebApplicationContext: initialization completed in 286 ms
[2m2026-03-09T14:00:46.895+05:30[0;39m [32m INFO[0;39m [35m34744[0;39m [2m---[0;39m [2m[  restartedMain][0;39m [2m[0;39m[36mcom.zaxxer.hikari.HikariDataSource      [0;39m [2m:[0;39m HikariPool-2 - Starting...
[2m2026-03-09T14:00:46.896+05:30[0;39m [32m INFO[0;39m [35m34744[0;39m [2m---[0;39m [2m[  restartedMain][0;39m [2m[0;39m[36mcom.zaxxer.hikari.pool.HikariPool       [0;39m [2m:[0;39m HikariPool-2 - Added connection conn10: url=jdbc:h2:mem:adarsh_awning user=SA
[2m2026-03-09T14:00:46.896+05:30[0;39m [32m INFO[0;39m [35m34744[0;39m [2m---[0;39m [2m[  restartedMain][0;39m [2m[0;39m[36mcom.zaxxer.hikari.HikariDataSource      [0;39m [2m:[0;39m HikariPool-2 - Start completed.
[2m2026-03-09T14:00:46.896+05:30[0;39m [32m INFO[0;39m [35m34744[0;39m [2m---[0;39m [2m[  restartedMain][0;39m [2m[0;39m[36mo.s.b.a.h2.H2ConsoleAutoConfiguration   [0;39m [2m:[0;39m H2 console available at '/h2-console'. Database available at 'jdbc:h2:mem:adarsh_awning'
[2m2026-03-09T14:00:46.912+05:30[0;39m [32m INFO[0;39m [35m34744[0;39m [2m---[0;39m [2m[  restartedMain][0;39m [2m[0;39m[36mo.hibernate.jpa.internal.util.LogHelper [0;39m [2m:[0;39m HHH000204: Processing PersistenceUnitInfo [name: default]
[2m2026-03-09T14:00:46.913+05:30[0;39m [32m INFO[0;39m [35m34744[0;39m [2m---[0;39m [2m[  restartedMain][0;39m [2m[0;39m[36mo.h.c.internal.RegionFactoryInitiator   [0;39m [2m:[0;39m HHH000026: Second-level cache disabled
[2m2026-03-09T14:00:46.914+05:30[0;39m [32m INFO[0;39m [35m34744[0;39m [2m---[0;39m [2m[  restartedMain][0;39m [2m[0;39m[36mo.s.o.j.p.SpringPersistenceUnitInfo     [0;39m [2m:[0;39m No LoadTimeWeaver setup: ignoring JPA class transformer
[2m2026-03-09T14:00:46.914+05:30[0;39m [33m WARN[0;39m [35m34744[0;39m [2m---[0;39m [2m[  restartedMain][0;39m [2m[0;39m[36morg.hibernate.orm.deprecation           [0;39m [2m:[0;39m HHH90000025: H2Dialect does not need to be specified explicitly using 'hibernate.dialect' (remove the property setting and it will be selected by default)
[2m2026-03-09T14:00:46.929+05:30[0;39m [32m INFO[0;39m [35m34744[0;39m [2m---[0;39m [2m[  restartedMain][0;39m [2m[0;39m[36mo.h.e.t.j.p.i.JtaPlatformInitiator      [0;39m [2m:[0;39m HHH000489: No JTA platform available (set 'hibernate.transaction.jta.platform' to enable JTA platform integration)
Hibernate: create table user_roles (user_id bigint not null, role varchar(255))
Hibernate: create table users (id bigint generated by default as identity, email varchar(255) not null, password varchar(255) not null, username varchar(255) not null, primary key (id))
Hibernate: alter table if exists users drop constraint if exists UK_6dotkott2kjsp8vw4d0m25fb7
Hibernate: alter table if exists users add constraint UK_6dotkott2kjsp8vw4d0m25fb7 unique (email)
Hibernate: alter table if exists users drop constraint if exists UK_r43af9ap4edm43mmtq01oddj6
Hibernate: alter table if exists users add constraint UK_r43af9ap4edm43mmtq01oddj6 unique (username)
Hibernate: alter table if exists user_roles add constraint FKhfh9dx7w3ubf1co1vdev94g3f foreign key (user_id) references users
[2m2026-03-09T14:00:46.931+05:30[0;39m [32m INFO[0;39m [35m34744[0;39m [2m---[0;39m [2m[  restartedMain][0;39m [2m[0;39m[36mj.LocalContainerEntityManagerFactoryBean[0;39m [2m:[0;39m Initialized JPA EntityManagerFactory for persistence unit 'default'
[2m2026-03-09T14:00:47.007+05:30[0;39m [33m WARN[0;39m [35m34744[0;39m [2m---[0;39m [2m[  restartedMain][0;39m [2m[0;39m[36mJpaBaseConfiguration$JpaWebConfiguration[0;39m [2m:[0;39m spring.jpa.open-in-view is enabled by default. Therefore, database queries may be performed during view rendering. Explicitly configure spring.jpa.open-in-view to disable this warning
[2m2026-03-09T14:00:47.096+05:30[0;39m [32m INFO[0;39m [35m34744[0;39m [2m---[0;39m [2m[  restartedMain][0;39m [2m[0;39m[36mo.s.s.web.DefaultSecurityFilterChain    [0;39m [2m:[0;39m Will secure any request with [org.springframework.security.web.session.DisableEncodeUrlFilter@4c80ab1, org.springframework.security.web.context.request.async.WebAsyncManagerIntegrationFilter@61f6409b, org.springframework.security.web.context.SecurityContextHolderFilter@5f974b87, org.springframework.security.web.header.HeaderWriterFilter@687d9739, org.springframework.web.filter.CorsFilter@a874c82, org.springframework.security.web.authentication.logout.LogoutFilter@71d28122, com.example.hello.security.AuthTokenFilter@6e862f85, org.springframework.security.web.savedrequest.RequestCacheAwareFilter@52327540, org.springframework.security.web.servletapi.SecurityContextHolderAwareRequestFilter@56f2f460, org.springframework.security.web.authentication.AnonymousAuthenticationFilter@253e4a6b, org.springframework.security.web.session.SessionManagementFilter@7987797e, org.springframework.security.web.access.ExceptionTranslationFilter@7c15d28, org.springframework.security.web.access.intercept.AuthorizationFilter@711bc1b8]
[2m2026-03-09T14:00:47.158+05:30[0;39m [32m INFO[0;39m [35m34744[0;39m [2m---[0;39m [2m[  restartedMain][0;39m [2m[0;39m[36mo.s.b.d.a.OptionalLiveReloadServer      [0;39m [2m:[0;39m LiveReload server is running on port 35729
[2m2026-03-09T14:00:47.162+05:30[0;39m [32m INFO[0;39m [35m34744[0;39m [2m---[0;39m [2m[  restartedMain][0;39m [2m[0;39m[36mo.s.b.w.embedded.tomcat.TomcatWebServer [0;39m [2m:[0;39m Tomcat started on port 8080 (http) with context path ''
[2m2026-03-09T14:00:47.164+05:30[0;39m [32m INFO[0;39m [35m34744[0;39m [2m---[0;39m [2m[  restartedMain][0;39m [2m[0;39m[36mc.example.hello.HelloWorldApplication   [0;39m [2m:[0;39m Started HelloWorldApplication in 0.577 seconds (process running for 907.624)
[2m2026-03-09T14:00:47.165+05:30[0;39m [32m INFO[0;39m [35m34744[0;39m [2m---[0;39m [2m[  restartedMain][0;39m [2m[0;39m[36m.ConditionEvaluationDeltaLoggingListener[0;39m [2m:[0;39m Condition evaluation unchanged
[2m2026-03-09T14:15:34.186+05:30[0;39m [33m WARN[0;39m [35m34744[0;39m [2m---[0;39m [2m[l-2 housekeeper][0;39m [2m[0;39m[36mcom.zaxxer.hikari.pool.HikariPool       [0;39m [2m:[0;39m HikariPool-2 - Thread starvation or clock leap detected (housekeeper delta=6m47s98ms).
[2m2026-03-09T14:17:30.980+05:30[0;39m [33m WARN[0;39m [35m34744[0;39m [2m---[0;39m [2m[l-2 housekeeper][0;39m [2m[0;39m[36mcom.zaxxer.hikari.pool.HikariPool       [0;39m [2m:[0;39m HikariPool-2 - Thread starvation or clock leap detected (housekeeper delta=1m56s818ms).
[2m2026-03-09T14:18:46.061+05:30[0;39m [33m WARN[0;39m [35m34744[0;39m [2m---[0;39m [2m[l-2 housekeeper][0;39m [2m[0;39m[36mcom.zaxxer.hikari.pool.HikariPool       [0;39m [2m:[0;39m HikariPool-2 - Thread starvation or clock leap detected (housekeeper delta=1m15s79ms).
[2m2026-03-09T14:34:41.719+05:30[0;39m [33m WARN[0;39m [35m34744[0;39m [2m---[0;39m [2m[l-2 housekeeper][0;39m [2m[0;39m[36mcom.zaxxer.hikari.pool.HikariPool       [0;39m [2m:[0;39m HikariPool-2 - Thread starvation or clock leap detected (housekeeper delta=15m55s660ms).
[2m2026-03-09T14:40:47.971+05:30[0;39m [33m WARN[0;39m [35m34744[0;39m [2m---[0;39m [2m[l-2 housekeeper][0;39m [2m[0;39m[36mcom.zaxxer.hikari.pool.HikariPool       [0;39m [2m:[0;39m HikariPool-2 - Thread starvation or clock leap detected (housekeeper delta=4m6s210ms).
[2m2026-03-09T14:52:46.415+05:30[0;39m [33m WARN[0;39m [35m34744[0;39m [2m---[0;39m [2m[l-2 housekeeper][0;39m [2m[0;39m[36mcom.zaxxer.hikari.pool.HikariPool       [0;39m [2m:[0;39m HikariPool-2 - Thread starvation or clock leap detected (housekeeper delta=10m28s426ms).
[2m2026-03-09T14:54:15.087+05:30[0;39m [33m WARN[0;39m [35m34744[0;39m [2m---[0;39m [2m[l-2 housekeeper][0;39m [2m[0;39m[36mcom.zaxxer.hikari.pool.HikariPool       [0;39m [2m:[0;39m HikariPool-2 - Thread starvation or clock leap detected (housekeeper delta=58s655ms).
[2m2026-03-09T15:03:08.407+05:30[0;39m [33m WARN[0;39m [35m34744[0;39m [2m---[0;39m [2m[l-2 housekeeper][0;39m [2m[0;39m[36mcom.zaxxer.hikari.pool.HikariPool       [0;39m [2m:[0;39m HikariPool-2 - Thread starvation or clock leap detected (housekeeper delta=8m53s320ms).
[2m2026-03-09T15:05:25.881+05:30[0;39m [32m INFO[0;39m [35m34744[0;39m [2m---[0;39m [2m[   File Watcher][0;39m [2m[0;39m[36mrtingClassPathChangeChangedEventListener[0;39m [2m:[0;39m Restarting due to 1 class path change (0 additions, 0 deletions, 1 modification)
[2m2026-03-09T15:05:26.105+05:30[0;39m [32m INFO[0;39m [35m34744[0;39m [2m---[0;39m [2m[       Thread-7][0;39m [2m[0;39m[36mj.LocalContainerEntityManagerFactoryBean[0;39m [2m:[0;39m Closing JPA EntityManagerFactory for persistence unit 'default'
[2m2026-03-09T15:05:26.200+05:30[0;39m [33m WARN[0;39m [35m34744[0;39m [2m---[0;39m [2m[       Thread-7][0;39m [2m[0;39m[36mo.s.b.f.support.DisposableBeanAdapter   [0;39m [2m:[0;39m Invocation of destroy method failed on bean with name 'inMemoryDatabaseShutdownExecutor': org.h2.jdbc.JdbcSQLNonTransientConnectionException: Database is already closed (to disable automatic closing at VM shutdown, add ";DB_CLOSE_ON_EXIT=FALSE" to the db URL) [90121-224]
[2m2026-03-09T15:05:26.203+05:30[0;39m [32m INFO[0;39m [35m34744[0;39m [2m---[0;39m [2m[       Thread-7][0;39m [2m[0;39m[36mcom.zaxxer.hikari.HikariDataSource      [0;39m [2m:[0;39m HikariPool-2 - Shutdown initiated...
[2m2026-03-09T15:05:26.210+05:30[0;39m [32m INFO[0;39m [35m34744[0;39m [2m---[0;39m [2m[       Thread-7][0;39m [2m[0;39m[36mcom.zaxxer.hikari.HikariDataSource      [0;39m [2m:[0;39m HikariPool-2 - Shutdown completed.

  .   ____          _            __ _ _
 /\\ / ___'_ __ _ _(_)_ __  __ _ \ \ \ \
( ( )\___ | '_ | '_| | '_ \/ _` | \ \ \ \
 \\/  ___)| |_)| | | | | || (_| |  ) ) ) )
  '  |____| .__|_| |_|_| |_\__, | / / / /
 =========|_|==============|___/=/_/_/_/
[32m :: Spring Boot :: [39m              [2m (v3.2.3)[0;39m

[2m2026-03-09T15:05:26.546+05:30[0;39m [32m INFO[0;39m [35m34744[0;39m [2m---[0;39m [2m[  restartedMain][0;39m [2m[0;39m[36mc.example.hello.HelloWorldApplication   [0;39m [2m:[0;39m Starting HelloWorldApplication using Java 24 with PID 34744 (/Users/adarshkumarsharma/.gemini/antigravity/scratch/hello-world-app/backend/target/classes started by adarshkumarsharma in /Users/adarshkumarsharma/.gemini/antigravity/scratch/hello-world-app/backend)
[2m2026-03-09T15:05:26.546+05:30[0;39m [32m INFO[0;39m [35m34744[0;39m [2m---[0;39m [2m[  restartedMain][0;39m [2m[0;39m[36mc.example.hello.HelloWorldApplication   [0;39m [2m:[0;39m The following 1 profile is active: "dev"
[2m2026-03-09T15:05:26.889+05:30[0;39m [32m INFO[0;39m [35m34744[0;39m [2m---[0;39m [2m[  restartedMain][0;39m [2m[0;39m[36m.s.d.r.c.RepositoryConfigurationDelegate[0;39m [2m:[0;39m Bootstrapping Spring Data JPA repositories in DEFAULT mode.
[2m2026-03-09T15:05:26.901+05:30[0;39m [32m INFO[0;39m [35m34744[0;39m [2m---[0;39m [2m[  restartedMain][0;39m [2m[0;39m[36m.s.d.r.c.RepositoryConfigurationDelegate[0;39m [2m:[0;39m Finished Spring Data repository scanning in 12 ms. Found 1 JPA repository interface.
[2m2026-03-09T15:05:27.107+05:30[0;39m [32m INFO[0;39m [35m34744[0;39m [2m---[0;39m [2m[  restartedMain][0;39m [2m[0;39m[36mo.s.b.w.embedded.tomcat.TomcatWebServer [0;39m [2m:[0;39m Tomcat initialized with port 8080 (http)
[2m2026-03-09T15:05:27.108+05:30[0;39m [32m INFO[0;39m [35m34744[0;39m [2m---[0;39m [2m[  restartedMain][0;39m [2m[0;39m[36mo.apache.catalina.core.StandardService  [0;39m [2m:[0;39m Starting service [Tomcat]
[2m2026-03-09T15:05:27.108+05:30[0;39m [32m INFO[0;39m [35m34744[0;39m [2m---[0;39m [2m[  restartedMain][0;39m [2m[0;39m[36mo.apache.catalina.core.StandardEngine   [0;39m [2m:[0;39m Starting Servlet engine: [Apache Tomcat/10.1.19]
[2m2026-03-09T15:05:27.117+05:30[0;39m [32m INFO[0;39m [35m34744[0;39m [2m---[0;39m [2m[  restartedMain][0;39m [2m[0;39m[36mo.a.c.c.C.[Tomcat].[localhost].[/]      [0;39m [2m:[0;39m Initializing Spring embedded WebApplicationContext
[2m2026-03-09T15:05:27.117+05:30[0;39m [32m INFO[0;39m [35m34744[0;39m [2m---[0;39m [2m[  restartedMain][0;39m [2m[0;39m[36mw.s.c.ServletWebServerApplicationContext[0;39m [2m:[0;39m Root WebApplicationContext: initialization completed in 567 ms
[2m2026-03-09T15:05:27.138+05:30[0;39m [32m INFO[0;39m [35m34744[0;39m [2m---[0;39m [2m[  restartedMain][0;39m [2m[0;39m[36mcom.zaxxer.hikari.HikariDataSource      [0;39m [2m:[0;39m HikariPool-3 - Starting...
[2m2026-03-09T15:05:27.139+05:30[0;39m [32m INFO[0;39m [35m34744[0;39m [2m---[0;39m [2m[  restartedMain][0;39m [2m[0;39m[36mcom.zaxxer.hikari.pool.HikariPool       [0;39m [2m:[0;39m HikariPool-3 - Added connection conn20: url=jdbc:h2:mem:adarsh_awning user=SA
[2m2026-03-09T15:05:27.139+05:30[0;39m [32m INFO[0;39m [35m34744[0;39m [2m---[0;39m [2m[  restartedMain][0;39m [2m[0;39m[36mcom.zaxxer.hikari.HikariDataSource      [0;39m [2m:[0;39m HikariPool-3 - Start completed.
[2m2026-03-09T15:05:27.139+05:30[0;39m [32m INFO[0;39m [35m34744[0;39m [2m---[0;39m [2m[  restartedMain][0;39m [2m[0;39m[36mo.s.b.a.h2.H2ConsoleAutoConfiguration   [0;39m [2m:[0;39m H2 console available at '/h2-console'. Database available at 'jdbc:h2:mem:adarsh_awning'
[2m2026-03-09T15:05:27.159+05:30[0;39m [32m INFO[0;39m [35m34744[0;39m [2m---[0;39m [2m[  restartedMain][0;39m [2m[0;39m[36mo.hibernate.jpa.internal.util.LogHelper [0;39m [2m:[0;39m HHH000204: Processing PersistenceUnitInfo [name: default]
[2m2026-03-09T15:05:27.160+05:30[0;39m [32m INFO[0;39m [35m34744[0;39m [2m---[0;39m [2m[  restartedMain][0;39m [2m[0;39m[36mo.h.c.internal.RegionFactoryInitiator   [0;39m [2m:[0;39m HHH000026: Second-level cache disabled
[2m2026-03-09T15:05:27.162+05:30[0;39m [32m INFO[0;39m [35m34744[0;39m [2m---[0;39m [2m[  restartedMain][0;39m [2m[0;39m[36mo.s.o.j.p.SpringPersistenceUnitInfo     [0;39m [2m:[0;39m No LoadTimeWeaver setup: ignoring JPA class transformer
[2m2026-03-09T15:05:27.162+05:30[0;39m [33m WARN[0;39m [35m34744[0;39m [2m---[0;39m [2m[  restartedMain][0;39m [2m[0;39m[36morg.hibernate.orm.deprecation           [0;39m [2m:[0;39m HHH90000025: H2Dialect does not need to be specified explicitly using 'hibernate.dialect' (remove the property setting and it will be selected by default)
[2m2026-03-09T15:05:27.180+05:30[0;39m [32m INFO[0;39m [35m34744[0;39m [2m---[0;39m [2m[  restartedMain][0;39m [2m[0;39m[36mo.h.e.t.j.p.i.JtaPlatformInitiator      [0;39m [2m:[0;39m HHH000489: No JTA platform available (set 'hibernate.transaction.jta.platform' to enable JTA platform integration)
Hibernate: create table user_roles (user_id bigint not null, role varchar(255))
Hibernate: create table users (id bigint generated by default as identity, email varchar(255) not null, password varchar(255) not null, username varchar(255) not null, primary key (id))
Hibernate: alter table if exists users drop constraint if exists UK_6dotkott2kjsp8vw4d0m25fb7
Hibernate: alter table if exists users add constraint UK_6dotkott2kjsp8vw4d0m25fb7 unique (email)
Hibernate: alter table if exists users drop constraint if exists UK_r43af9ap4edm43mmtq01oddj6
Hibernate: alter table if exists users add constraint UK_r43af9ap4edm43mmtq01oddj6 unique (username)
Hibernate: alter table if exists user_roles add constraint FKhfh9dx7w3ubf1co1vdev94g3f foreign key (user_id) references users
[2m2026-03-09T15:05:27.182+05:30[0;39m [32m INFO[0;39m [35m34744[0;39m [2m---[0;39m [2m[  restartedMain][0;39m [2m[0;39m[36mj.LocalContainerEntityManagerFactoryBean[0;39m [2m:[0;39m Initialized JPA EntityManagerFactory for persistence unit 'default'
[2m2026-03-09T15:05:27.261+05:30[0;39m [33m WARN[0;39m [35m34744[0;39m [2m---[0;39m [2m[  restartedMain][0;39m [2m[0;39m[36mJpaBaseConfiguration$JpaWebConfiguration[0;39m [2m:[0;39m spring.jpa.open-in-view is enabled by default. Therefore, database queries may be performed during view rendering. Explicitly configure spring.jpa.open-in-view to disable this warning
[2m2026-03-09T15:05:27.354+05:30[0;39m [32m INFO[0;39m [35m34744[0;39m [2m---[0;39m [2m[  restartedMain][0;39m [2m[0;39m[36mo.s.s.web.DefaultSecurityFilterChain    [0;39m [2m:[0;39m Will secure any request with [org.springframework.security.web.session.DisableEncodeUrlFilter@1f94e018, org.springframework.security.web.context.request.async.WebAsyncManagerIntegrationFilter@20a36466, org.springframework.security.web.context.SecurityContextHolderFilter@77d70cab, org.springframework.security.web.header.HeaderWriterFilter@2c5e687, org.springframework.web.filter.CorsFilter@5d6badbb, org.springframework.security.web.authentication.logout.LogoutFilter@6bd9e5f1, com.example.hello.security.AuthTokenFilter@8f0c8f5, org.springframework.security.web.savedrequest.RequestCacheAwareFilter@c960430, org.springframework.security.web.servletapi.SecurityContextHolderAwareRequestFilter@214a3afb, org.springframework.security.web.authentication.AnonymousAuthenticationFilter@55c28bf6, org.springframework.security.web.session.SessionManagementFilter@8862b5c, org.springframework.security.web.access.ExceptionTranslationFilter@3918444d, org.springframework.security.web.access.intercept.AuthorizationFilter@3b466cec]
[2m2026-03-09T15:05:27.465+05:30[0;39m [32m INFO[0;39m [35m34744[0;39m [2m---[0;39m [2m[  restartedMain][0;39m [2m[0;39m[36mo.s.b.d.a.OptionalLiveReloadServer      [0;39m [2m:[0;39m LiveReload server is running on port 35729
[2m2026-03-09T15:05:27.470+05:30[0;39m [32m INFO[0;39m [35m34744[0;39m [2m---[0;39m [2m[  restartedMain][0;39m [2m[0;39m[36mo.s.b.w.embedded.tomcat.TomcatWebServer [0;39m [2m:[0;39m Tomcat started on port 8080 (http) with context path ''
[2m2026-03-09T15:05:27.473+05:30[0;39m [32m INFO[0;39m [35m34744[0;39m [2m---[0;39m [2m[  restartedMain][0;39m [2m[0;39m[36mc.example.hello.HelloWorldApplication   [0;39m [2m:[0;39m Started HelloWorldApplication in 0.967 seconds (process running for 2006.778)
[2m2026-03-09T15:05:27.473+05:30[0;39m [32m INFO[0;39m [35m34744[0;39m [2m---[0;39m [2m[  restartedMain][0;39m [2m[0;39m[36m.ConditionEvaluationDeltaLoggingListener[0;39m [2m:[0;39m Condition evaluation unchanged
[2m2026-03-09T15:05:28.873+05:30[0;39m [32m INFO[0;39m [35m34744[0;39m [2m---[0;39m [2m[   File Watcher][0;39m [2m[0;39m[36mrtingClassPathChangeChangedEventListener[0;39m [2m:[0;39m Restarting due to 1 class path change (0 additions, 0 deletions, 1 modification)
[2m2026-03-09T15:05:28.880+05:30[0;39m [32m INFO[0;39m [35m34744[0;39m [2m---[0;39m [2m[      Thread-12][0;39m [2m[0;39m[36mj.LocalContainerEntityManagerFactoryBean[0;39m [2m:[0;39m Closing JPA EntityManagerFactory for persistence unit 'default'
[2m2026-03-09T15:05:28.883+05:30[0;39m [33m WARN[0;39m [35m34744[0;39m [2m---[0;39m [2m[      Thread-12][0;39m [2m[0;39m[36mo.s.b.f.support.DisposableBeanAdapter   [0;39m [2m:[0;39m Invocation of destroy method failed on bean with name 'inMemoryDatabaseShutdownExecutor': org.h2.jdbc.JdbcSQLNonTransientConnectionException: Database is already closed (to disable automatic closing at VM shutdown, add ";DB_CLOSE_ON_EXIT=FALSE" to the db URL) [90121-224]
[2m2026-03-09T15:05:28.883+05:30[0;39m [32m INFO[0;39m [35m34744[0;39m [2m---[0;39m [2m[      Thread-12][0;39m [2m[0;39m[36mcom.zaxxer.hikari.HikariDataSource      [0;39m [2m:[0;39m HikariPool-3 - Shutdown initiated...
[2m2026-03-09T15:05:28.884+05:30[0;39m [32m INFO[0;39m [35m34744[0;39m [2m---[0;39m [2m[      Thread-12][0;39m [2m[0;39m[36mcom.zaxxer.hikari.HikariDataSource      [0;39m [2m:[0;39m HikariPool-3 - Shutdown completed.

  .   ____          _            __ _ _
 /\\ / ___'_ __ _ _(_)_ __  __ _ \ \ \ \
( ( )\___ | '_ | '_| | '_ \/ _` | \ \ \ \
 \\/  ___)| |_)| | | | | || (_| |  ) ) ) )
  '  |____| .__|_| |_|_| |_\__, | / / / /
 =========|_|==============|___/=/_/_/_/
[32m :: Spring Boot :: [39m              [2m (v3.2.3)[0;39m

[2m2026-03-09T15:05:28.934+05:30[0;39m [32m INFO[0;39m [35m34744[0;39m [2m---[0;39m [2m[  restartedMain][0;39m [2m[0;39m[36mc.example.hello.HelloWorldApplication   [0;39m [2m:[0;39m Starting HelloWorldApplication using Java 24 with PID 34744 (/Users/adarshkumarsharma/.gemini/antigravity/scratch/hello-world-app/backend/target/classes started by adarshkumarsharma in /Users/adarshkumarsharma/.gemini/antigravity/scratch/hello-world-app/backend)
[2m2026-03-09T15:05:28.934+05:30[0;39m [32m INFO[0;39m [35m34744[0;39m [2m---[0;39m [2m[  restartedMain][0;39m [2m[0;39m[36mc.example.hello.HelloWorldApplication   [0;39m [2m:[0;39m The following 1 profile is active: "dev"
[2m2026-03-09T15:05:28.979+05:30[0;39m [32m INFO[0;39m [35m34744[0;39m [2m---[0;39m [2m[  restartedMain][0;39m [2m[0;39m[36m.s.d.r.c.RepositoryConfigurationDelegate[0;39m [2m:[0;39m Bootstrapping Spring Data JPA repositories in DEFAULT mode.
[2m2026-03-09T15:05:28.981+05:30[0;39m [32m INFO[0;39m [35m34744[0;39m [2m---[0;39m [2m[  restartedMain][0;39m [2m[0;39m[36m.s.d.r.c.RepositoryConfigurationDelegate[0;39m [2m:[0;39m Finished Spring Data repository scanning in 2 ms. Found 1 JPA repository interface.
[2m2026-03-09T15:05:29.037+05:30[0;39m [32m INFO[0;39m [35m34744[0;39m [2m---[0;39m [2m[  restartedMain][0;39m [2m[0;39m[36mo.s.b.w.embedded.tomcat.TomcatWebServer [0;39m [2m:[0;39m Tomcat initialized with port 8080 (http)
[2m2026-03-09T15:05:29.038+05:30[0;39m [32m INFO[0;39m [35m34744[0;39m [2m---[0;39m [2m[  restartedMain][0;39m [2m[0;39m[36mo.apache.catalina.core.StandardService  [0;39m [2m:[0;39m Starting service [Tomcat]
[2m2026-03-09T15:05:29.038+05:30[0;39m [32m INFO[0;39m [35m34744[0;39m [2m---[0;39m [2m[  restartedMain][0;39m [2m[0;39m[36mo.apache.catalina.core.StandardEngine   [0;39m [2m:[0;39m Starting Servlet engine: [Apache Tomcat/10.1.19]
[2m2026-03-09T15:05:29.041+05:30[0;39m [32m INFO[0;39m [35m34744[0;39m [2m---[0;39m [2m[  restartedMain][0;39m [2m[0;39m[36mo.a.c.c.C.[Tomcat].[localhost].[/]      [0;39m [2m:[0;39m Initializing Spring embedded WebApplicationContext
[2m2026-03-09T15:05:29.041+05:30[0;39m [32m INFO[0;39m [35m34744[0;39m [2m---[0;39m [2m[  restartedMain][0;39m [2m[0;39m[36mw.s.c.ServletWebServerApplicationContext[0;39m [2m:[0;39m Root WebApplicationContext: initialization completed in 106 ms
[2m2026-03-09T15:05:29.051+05:30[0;39m [32m INFO[0;39m [35m34744[0;39m [2m---[0;39m [2m[  restartedMain][0;39m [2m[0;39m[36mcom.zaxxer.hikari.HikariDataSource      [0;39m [2m:[0;39m HikariPool-4 - Starting...
[2m2026-03-09T15:05:29.052+05:30[0;39m [32m INFO[0;39m [35m34744[0;39m [2m---[0;39m [2m[  restartedMain][0;39m [2m[0;39m[36mcom.zaxxer.hikari.pool.HikariPool       [0;39m [2m:[0;39m HikariPool-4 - Added connection conn30: url=jdbc:h2:mem:adarsh_awning user=SA
[2m2026-03-09T15:05:29.052+05:30[0;39m [32m INFO[0;39m [35m34744[0;39m [2m---[0;39m [2m[  restartedMain][0;39m [2m[0;39m[36mcom.zaxxer.hikari.HikariDataSource      [0;39m [2m:[0;39m HikariPool-4 - Start completed.
[2m2026-03-09T15:05:29.053+05:30[0;39m [32m INFO[0;39m [35m34744[0;39m [2m---[0;39m [2m[  restartedMain][0;39m [2m[0;39m[36mo.s.b.a.h2.H2ConsoleAutoConfiguration   [0;39m [2m:[0;39m H2 console available at '/h2-console'. Database available at 'jdbc:h2:mem:adarsh_awning'
[2m2026-03-09T15:05:29.067+05:30[0;39m [32m INFO[0;39m [35m34744[0;39m [2m---[0;39m [2m[  restartedMain][0;39m [2m[0;39m[36mo.hibernate.jpa.internal.util.LogHelper [0;39m [2m:[0;39m HHH000204: Processing PersistenceUnitInfo [name: default]
[2m2026-03-09T15:05:29.068+05:30[0;39m [32m INFO[0;39m [35m34744[0;39m [2m---[0;39m [2m[  restartedMain][0;39m [2m[0;39m[36mo.h.c.internal.RegionFactoryInitiator   [0;39m [2m:[0;39m HHH000026: Second-level cache disabled
[2m2026-03-09T15:05:29.069+05:30[0;39m [32m INFO[0;39m [35m34744[0;39m [2m---[0;39m [2m[  restartedMain][0;39m [2m[0;39m[36mo.s.o.j.p.SpringPersistenceUnitInfo     [0;39m [2m:[0;39m No LoadTimeWeaver setup: ignoring JPA class transformer
[2m2026-03-09T15:05:29.069+05:30[0;39m [33m WARN[0;39m [35m34744[0;39m [2m---[0;39m [2m[  restartedMain][0;39m [2m[0;39m[36morg.hibernate.orm.deprecation           [0;39m [2m:[0;39m HHH90000025: H2Dialect does not need to be specified explicitly using 'hibernate.dialect' (remove the property setting and it will be selected by default)
[2m2026-03-09T15:05:29.082+05:30[0;39m [32m INFO[0;39m [35m34744[0;39m [2m---[0;39m [2m[  restartedMain][0;39m [2m[0;39m[36mo.h.e.t.j.p.i.JtaPlatformInitiator      [0;39m [2m:[0;39m HHH000489: No JTA platform available (set 'hibernate.transaction.jta.platform' to enable JTA platform integration)
Hibernate: create table awning_users (id bigint generated by default as identity, email varchar(255) not null, password varchar(255) not null, username varchar(255) not null, primary key (id))
Hibernate: create table user_roles (user_id bigint not null, role varchar(255))
Hibernate: alter table if exists awning_users drop constraint if exists UK_p57up92fffrjenncqn3wtawix
Hibernate: alter table if exists awning_users add constraint UK_p57up92fffrjenncqn3wtawix unique (email)
Hibernate: alter table if exists awning_users drop constraint if exists UK_2uxc8urxrfk51ok6fkcn08b9b
Hibernate: alter table if exists awning_users add constraint UK_2uxc8urxrfk51ok6fkcn08b9b unique (username)
Hibernate: alter table if exists user_roles add constraint FKgsmpf944rieaqg7hi70jbpy66 foreign key (user_id) references awning_users
[2m2026-03-09T15:05:29.085+05:30[0;39m [32m INFO[0;39m [35m34744[0;39m [2m---[0;39m [2m[  restartedMain][0;39m [2m[0;39m[36mj.LocalContainerEntityManagerFactoryBean[0;39m [2m:[0;39m Initialized JPA EntityManagerFactory for persistence unit 'default'
[2m2026-03-09T15:05:29.152+05:30[0;39m [33m WARN[0;39m [35m34744[0;39m [2m---[0;39m [2m[  restartedMain][0;39m [2m[0;39m[36mJpaBaseConfiguration$JpaWebConfiguration[0;39m [2m:[0;39m spring.jpa.open-in-view is enabled by default. Therefore, database queries may be performed during view rendering. Explicitly configure spring.jpa.open-in-view to disable this warning
[2m2026-03-09T15:05:29.817+05:30[0;39m [32m INFO[0;39m [35m34744[0;39m [2m---[0;39m [2m[  restartedMain][0;39m [2m[0;39m[36mo.s.s.web.DefaultSecurityFilterChain    [0;39m [2m:[0;39m Will secure any request with [org.springframework.security.web.session.DisableEncodeUrlFilter@d3bd780, org.springframework.security.web.context.request.async.WebAsyncManagerIntegrationFilter@142c35ea, org.springframework.security.web.context.SecurityContextHolderFilter@3957c284, org.springframework.security.web.header.HeaderWriterFilter@7f505085, org.springframework.web.filter.CorsFilter@675b5edc, org.springframework.security.web.authentication.logout.LogoutFilter@663fdb0, com.example.hello.security.AuthTokenFilter@5d6f4b67, org.springframework.security.web.savedrequest.RequestCacheAwareFilter@5d6f88fa, org.springframework.security.web.servletapi.SecurityContextHolderAwareRequestFilter@20c63faa, org.springframework.security.web.authentication.AnonymousAuthenticationFilter@57c4802c, org.springframework.security.web.session.SessionManagementFilter@5dbf8fe7, org.springframework.security.web.access.ExceptionTranslationFilter@7112b9c5, org.springframework.security.web.access.intercept.AuthorizationFilter@3640cde6]
[2m2026-03-09T15:05:30.138+05:30[0;39m [32m INFO[0;39m [35m34744[0;39m [2m---[0;39m [2m[  restartedMain][0;39m [2m[0;39m[36mo.s.b.d.a.OptionalLiveReloadServer      [0;39m [2m:[0;39m LiveReload server is running on port 35729
[2m2026-03-09T15:05:30.165+05:30[0;39m [32m INFO[0;39m [35m34744[0;39m [2m---[0;39m [2m[  restartedMain][0;39m [2m[0;39m[36mo.s.b.w.embedded.tomcat.TomcatWebServer [0;39m [2m:[0;39m Tomcat started on port 8080 (http) with context path ''
[2m2026-03-09T15:05:30.193+05:30[0;39m [32m INFO[0;39m [35m34744[0;39m [2m---[0;39m [2m[  restartedMain][0;39m [2m[0;39m[36mc.example.hello.HelloWorldApplication   [0;39m [2m:[0;39m Started HelloWorldApplication in 1.267 seconds (process running for 2009.499)
[2m2026-03-09T15:05:30.194+05:30[0;39m [32m INFO[0;39m [35m34744[0;39m [2m---[0;39m [2m[  restartedMain][0;39m [2m[0;39m[36m.ConditionEvaluationDeltaLoggingListener[0;39m [2m:[0;39m Condition evaluation unchanged
[2m2026-03-09T15:05:31.580+05:30[0;39m [32m INFO[0;39m [35m34744[0;39m [2m---[0;39m [2m[   File Watcher][0;39m [2m[0;39m[36mrtingClassPathChangeChangedEventListener[0;39m [2m:[0;39m Restarting due to 16 class path changes (0 additions, 0 deletions, 16 modifications)
[2m2026-03-09T15:05:31.598+05:30[0;39m [32m INFO[0;39m [35m34744[0;39m [2m---[0;39m [2m[      Thread-16][0;39m [2m[0;39m[36mj.LocalContainerEntityManagerFactoryBean[0;39m [2m:[0;39m Closing JPA EntityManagerFactory for persistence unit 'default'
[2m2026-03-09T15:05:31.602+05:30[0;39m [33m WARN[0;39m [35m34744[0;39m [2m---[0;39m [2m[      Thread-16][0;39m [2m[0;39m[36mo.s.b.f.support.DisposableBeanAdapter   [0;39m [2m:[0;39m Invocation of destroy method failed on bean with name 'inMemoryDatabaseShutdownExecutor': org.h2.jdbc.JdbcSQLNonTransientConnectionException: Database is already closed (to disable automatic closing at VM shutdown, add ";DB_CLOSE_ON_EXIT=FALSE" to the db URL) [90121-224]
[2m2026-03-09T15:05:31.603+05:30[0;39m [32m INFO[0;39m [35m34744[0;39m [2m---[0;39m [2m[      Thread-16][0;39m [2m[0;39m[36mcom.zaxxer.hikari.HikariDataSource      [0;39m [2m:[0;39m HikariPool-4 - Shutdown initiated...
[2m2026-03-09T15:05:31.616+05:30[0;39m [32m INFO[0;39m [35m34744[0;39m [2m---[0;39m [2m[      Thread-16][0;39m [2m[0;39m[36mcom.zaxxer.hikari.HikariDataSource      [0;39m [2m:[0;39m HikariPool-4 - Shutdown completed.

  .   ____          _            __ _ _
 /\\ / ___'_ __ _ _(_)_ __  __ _ \ \ \ \
( ( )\___ | '_ | '_| | '_ \/ _` | \ \ \ \
 \\/  ___)| |_)| | | | | || (_| |  ) ) ) )
  '  |____| .__|_| |_|_| |_\__, | / / / /
 =========|_|==============|___/=/_/_/_/
[32m :: Spring Boot :: [39m              [2m (v3.2.3)[0;39m

[2m2026-03-09T15:05:31.755+05:30[0;39m [32m INFO[0;39m [35m34744[0;39m [2m---[0;39m [2m[  restartedMain][0;39m [2m[0;39m[36mc.example.hello.HelloWorldApplication   [0;39m [2m:[0;39m Starting HelloWorldApplication using Java 24 with PID 34744 (/Users/adarshkumarsharma/.gemini/antigravity/scratch/hello-world-app/backend/target/classes started by adarshkumarsharma in /Users/adarshkumarsharma/.gemini/antigravity/scratch/hello-world-app/backend)
[2m2026-03-09T15:05:31.755+05:30[0;39m [32m INFO[0;39m [35m34744[0;39m [2m---[0;39m [2m[  restartedMain][0;39m [2m[0;39m[36mc.example.hello.HelloWorldApplication   [0;39m [2m:[0;39m The following 1 profile is active: "dev"
[2m2026-03-09T15:05:32.074+05:30[0;39m [32m INFO[0;39m [35m34744[0;39m [2m---[0;39m [2m[  restartedMain][0;39m [2m[0;39m[36m.s.d.r.c.RepositoryConfigurationDelegate[0;39m [2m:[0;39m Bootstrapping Spring Data JPA repositories in DEFAULT mode.
[2m2026-03-09T15:05:32.096+05:30[0;39m [32m INFO[0;39m [35m34744[0;39m [2m---[0;39m [2m[  restartedMain][0;39m [2m[0;39m[36m.s.d.r.c.RepositoryConfigurationDelegate[0;39m [2m:[0;39m Finished Spring Data repository scanning in 20 ms. Found 1 JPA repository interface.
[2m2026-03-09T15:05:32.219+05:30[0;39m [32m INFO[0;39m [35m34744[0;39m [2m---[0;39m [2m[  restartedMain][0;39m [2m[0;39m[36mo.s.b.w.embedded.tomcat.TomcatWebServer [0;39m [2m:[0;39m Tomcat initialized with port 8080 (http)
[2m2026-03-09T15:05:32.219+05:30[0;39m [32m INFO[0;39m [35m34744[0;39m [2m---[0;39m [2m[  restartedMain][0;39m [2m[0;39m[36mo.apache.catalina.core.StandardService  [0;39m [2m:[0;39m Starting service [Tomcat]
[2m2026-03-09T15:05:32.219+05:30[0;39m [32m INFO[0;39m [35m34744[0;39m [2m---[0;39m [2m[  restartedMain][0;39m [2m[0;39m[36mo.apache.catalina.core.StandardEngine   [0;39m [2m:[0;39m Starting Servlet engine: [Apache Tomcat/10.1.19]
[2m2026-03-09T15:05:32.224+05:30[0;39m [32m INFO[0;39m [35m34744[0;39m [2m---[0;39m [2m[  restartedMain][0;39m [2m[0;39m[36mo.a.c.c.C.[Tomcat].[localhost].[/]      [0;39m [2m:[0;39m Initializing Spring embedded WebApplicationContext
[2m2026-03-09T15:05:32.224+05:30[0;39m [32m INFO[0;39m [35m34744[0;39m [2m---[0;39m [2m[  restartedMain][0;39m [2m[0;39m[36mw.s.c.ServletWebServerApplicationContext[0;39m [2m:[0;39m Root WebApplicationContext: initialization completed in 469 ms
[2m2026-03-09T15:05:32.236+05:30[0;39m [32m INFO[0;39m [35m34744[0;39m [2m---[0;39m [2m[  restartedMain][0;39m [2m[0;39m[36mcom.zaxxer.hikari.HikariDataSource      [0;39m [2m:[0;39m HikariPool-5 - Starting...
[2m2026-03-09T15:05:32.236+05:30[0;39m [32m INFO[0;39m [35m34744[0;39m [2m---[0;39m [2m[  restartedMain][0;39m [2m[0;39m[36mcom.zaxxer.hikari.pool.HikariPool       [0;39m [2m:[0;39m HikariPool-5 - Added connection conn40: url=jdbc:h2:mem:adarsh_awning user=SA
[2m2026-03-09T15:05:32.237+05:30[0;39m [32m INFO[0;39m [35m34744[0;39m [2m---[0;39m [2m[  restartedMain][0;39m [2m[0;39m[36mcom.zaxxer.hikari.HikariDataSource      [0;39m [2m:[0;39m HikariPool-5 - Start completed.
[2m2026-03-09T15:05:32.237+05:30[0;39m [32m INFO[0;39m [35m34744[0;39m [2m---[0;39m [2m[  restartedMain][0;39m [2m[0;39m[36mo.s.b.a.h2.H2ConsoleAutoConfiguration   [0;39m [2m:[0;39m H2 console available at '/h2-console'. Database available at 'jdbc:h2:mem:adarsh_awning'
[2m2026-03-09T15:05:32.253+05:30[0;39m [32m INFO[0;39m [35m34744[0;39m [2m---[0;39m [2m[  restartedMain][0;39m [2m[0;39m[36mo.hibernate.jpa.internal.util.LogHelper [0;39m [2m:[0;39m HHH000204: Processing PersistenceUnitInfo [name: default]
[2m2026-03-09T15:05:32.253+05:30[0;39m [32m INFO[0;39m [35m34744[0;39m [2m---[0;39m [2m[  restartedMain][0;39m [2m[0;39m[36mo.h.c.internal.RegionFactoryInitiator   [0;39m [2m:[0;39m HHH000026: Second-level cache disabled
[2m2026-03-09T15:05:32.256+05:30[0;39m [32m INFO[0;39m [35m34744[0;39m [2m---[0;39m [2m[  restartedMain][0;39m [2m[0;39m[36mo.s.o.j.p.SpringPersistenceUnitInfo     [0;39m [2m:[0;39m No LoadTimeWeaver setup: ignoring JPA class transformer
[2m2026-03-09T15:05:32.256+05:30[0;39m [33m WARN[0;39m [35m34744[0;39m [2m---[0;39m [2m[  restartedMain][0;39m [2m[0;39m[36morg.hibernate.orm.deprecation           [0;39m [2m:[0;39m HHH90000025: H2Dialect does not need to be specified explicitly using 'hibernate.dialect' (remove the property setting and it will be selected by default)
[2m2026-03-09T15:05:32.271+05:30[0;39m [32m INFO[0;39m [35m34744[0;39m [2m---[0;39m [2m[  restartedMain][0;39m [2m[0;39m[36mo.h.e.t.j.p.i.JtaPlatformInitiator      [0;39m [2m:[0;39m HHH000489: No JTA platform available (set 'hibernate.transaction.jta.platform' to enable JTA platform integration)
Hibernate: create table awning_users (id bigint generated by default as identity, email varchar(255) not null, password varchar(255) not null, username varchar(255) not null, primary key (id))
Hibernate: create table user_roles (user_id bigint not null, role varchar(255))
Hibernate: alter table if exists awning_users drop constraint if exists UK_p57up92fffrjenncqn3wtawix
Hibernate: alter table if exists awning_users add constraint UK_p57up92fffrjenncqn3wtawix unique (email)
Hibernate: alter table if exists awning_users drop constraint if exists UK_2uxc8urxrfk51ok6fkcn08b9b
Hibernate: alter table if exists awning_users add constraint UK_2uxc8urxrfk51ok6fkcn08b9b unique (username)
Hibernate: alter table if exists user_roles add constraint FKgsmpf944rieaqg7hi70jbpy66 foreign key (user_id) references awning_users
[2m2026-03-09T15:05:32.275+05:30[0;39m [32m INFO[0;39m [35m34744[0;39m [2m---[0;39m [2m[  restartedMain][0;39m [2m[0;39m[36mj.LocalContainerEntityManagerFactoryBean[0;39m [2m:[0;39m Initialized JPA EntityManagerFactory for persistence unit 'default'
[2m2026-03-09T15:05:32.397+05:30[0;39m [33m WARN[0;39m [35m34744[0;39m [2m---[0;39m [2m[  restartedMain][0;39m [2m[0;39m[36mJpaBaseConfiguration$JpaWebConfiguration[0;39m [2m:[0;39m spring.jpa.open-in-view is enabled by default. Therefore, database queries may be performed during view rendering. Explicitly configure spring.jpa.open-in-view to disable this warning
[2m2026-03-09T15:05:32.483+05:30[0;39m [32m INFO[0;39m [35m34744[0;39m [2m---[0;39m [2m[  restartedMain][0;39m [2m[0;39m[36mo.s.s.web.DefaultSecurityFilterChain    [0;39m [2m:[0;39m Will secure any request with [org.springframework.security.web.session.DisableEncodeUrlFilter@19800a5e, org.springframework.security.web.context.request.async.WebAsyncManagerIntegrationFilter@60c9f3e, org.springframework.security.web.context.SecurityContextHolderFilter@144d78a2, org.springframework.security.web.header.HeaderWriterFilter@2a8e0da4, org.springframework.web.filter.CorsFilter@2130b94f, org.springframework.security.web.authentication.logout.LogoutFilter@52f9ad55, com.example.hello.security.AuthTokenFilter@68921e31, org.springframework.security.web.savedrequest.RequestCacheAwareFilter@303b6344, org.springframework.security.web.servletapi.SecurityContextHolderAwareRequestFilter@6a02abca, org.springframework.security.web.authentication.AnonymousAuthenticationFilter@644d30d6, org.springframework.security.web.session.SessionManagementFilter@5e232d11, org.springframework.security.web.access.ExceptionTranslationFilter@7f0b6b24, org.springframework.security.web.access.intercept.AuthorizationFilter@4690751a]
[2m2026-03-09T15:05:32.543+05:30[0;39m [32m INFO[0;39m [35m34744[0;39m [2m---[0;39m [2m[  restartedMain][0;39m [2m[0;39m[36mo.s.b.d.a.OptionalLiveReloadServer      [0;39m [2m:[0;39m LiveReload server is running on port 35729
[2m2026-03-09T15:05:32.547+05:30[0;39m [32m INFO[0;39m [35m34744[0;39m [2m---[0;39m [2m[  restartedMain][0;39m [2m[0;39m[36mo.s.b.w.embedded.tomcat.TomcatWebServer [0;39m [2m:[0;39m Tomcat started on port 8080 (http) with context path ''
[2m2026-03-09T15:05:32.549+05:30[0;39m [32m INFO[0;39m [35m34744[0;39m [2m---[0;39m [2m[  restartedMain][0;39m [2m[0;39m[36mc.example.hello.HelloWorldApplication   [0;39m [2m:[0;39m Started HelloWorldApplication in 0.802 seconds (process running for 2011.854)
[2m2026-03-09T15:05:32.549+05:30[0;39m [32m INFO[0;39m [35m34744[0;39m [2m---[0;39m [2m[  restartedMain][0;39m [2m[0;39m[36m.ConditionEvaluationDeltaLoggingListener[0;39m [2m:[0;39m Condition evaluation unchanged
[2m2026-03-09T20:21:40.285+05:30[0;39m [33m WARN[0;39m [35m34744[0;39m [2m---[0;39m [2m[l-5 housekeeper][0;39m [2m[0;39m[36mcom.zaxxer.hikari.pool.HikariPool       [0;39m [2m:[0;39m HikariPool-5 - Thread starvation or clock leap detected (housekeeper delta=5h16m7s604ms).
[2m2026-03-09T20:40:17.412+05:30[0;39m [33m WARN[0;39m [35m34744[0;39m [2m---[0;39m [2m[l-5 housekeeper][0;39m [2m[0;39m[36mcom.zaxxer.hikari.pool.HikariPool       [0;39m [2m:[0;39m HikariPool-5 - Thread starvation or clock leap detected (housekeeper delta=15m31s75ms).
[2m2026-03-09T21:47:49.879+05:30[0;39m [32m INFO[0;39m [35m34744[0;39m [2m---[0;39m [2m[   File Watcher][0;39m [2m[0;39m[36mrtingClassPathChangeChangedEventListener[0;39m [2m:[0;39m Restarting due to 16 class path changes (0 additions, 0 deletions, 16 modifications)
[2m2026-03-09T21:47:49.954+05:30[0;39m [32m INFO[0;39m [35m34744[0;39m [2m---[0;39m [2m[      Thread-20][0;39m [2m[0;39m[36mj.LocalContainerEntityManagerFactoryBean[0;39m [2m:[0;39m Closing JPA EntityManagerFactory for persistence unit 'default'
[2m2026-03-09T21:47:49.985+05:30[0;39m [33m WARN[0;39m [35m34744[0;39m [2m---[0;39m [2m[      Thread-20][0;39m [2m[0;39m[36mo.s.b.f.support.DisposableBeanAdapter   [0;39m [2m:[0;39m Invocation of destroy method failed on bean with name 'inMemoryDatabaseShutdownExecutor': org.h2.jdbc.JdbcSQLNonTransientConnectionException: Database is already closed (to disable automatic closing at VM shutdown, add ";DB_CLOSE_ON_EXIT=FALSE" to the db URL) [90121-224]
[2m2026-03-09T21:47:49.985+05:30[0;39m [32m INFO[0;39m [35m34744[0;39m [2m---[0;39m [2m[      Thread-20][0;39m [2m[0;39m[36mcom.zaxxer.hikari.HikariDataSource      [0;39m [2m:[0;39m HikariPool-5 - Shutdown initiated...
[2m2026-03-09T21:47:49.988+05:30[0;39m [32m INFO[0;39m [35m34744[0;39m [2m---[0;39m [2m[      Thread-20][0;39m [2m[0;39m[36mcom.zaxxer.hikari.HikariDataSource      [0;39m [2m:[0;39m HikariPool-5 - Shutdown completed.

  .   ____          _            __ _ _
 /\\ / ___'_ __ _ _(_)_ __  __ _ \ \ \ \
( ( )\___ | '_ | '_| | '_ \/ _` | \ \ \ \
 \\/  ___)| |_)| | | | | || (_| |  ) ) ) )
  '  |____| .__|_| |_|_| |_\__, | / / / /
 =========|_|==============|___/=/_/_/_/
[32m :: Spring Boot :: [39m              [2m (v3.2.3)[0;39m

[2m2026-03-09T21:47:50.311+05:30[0;39m [32m INFO[0;39m [35m34744[0;39m [2m---[0;39m [2m[  restartedMain][0;39m [2m[0;39m[36mc.example.hello.HelloWorldApplication   [0;39m [2m:[0;39m Starting HelloWorldApplication using Java 24 with PID 34744 (/Users/adarshkumarsharma/.gemini/antigravity/scratch/hello-world-app/backend/target/classes started by adarshkumarsharma in /Users/adarshkumarsharma/.gemini/antigravity/scratch/hello-world-app/backend)
[2m2026-03-09T21:47:50.311+05:30[0;39m [32m INFO[0;39m [35m34744[0;39m [2m---[0;39m [2m[  restartedMain][0;39m [2m[0;39m[36mc.example.hello.HelloWorldApplication   [0;39m [2m:[0;39m The following 1 profile is active: "dev"
[2m2026-03-09T21:47:50.524+05:30[0;39m [32m INFO[0;39m [35m34744[0;39m [2m---[0;39m [2m[  restartedMain][0;39m [2m[0;39m[36m.s.d.r.c.RepositoryConfigurationDelegate[0;39m [2m:[0;39m Bootstrapping Spring Data JPA repositories in DEFAULT mode.
[2m2026-03-09T21:47:50.536+05:30[0;39m [32m INFO[0;39m [35m34744[0;39m [2m---[0;39m [2m[  restartedMain][0;39m [2m[0;39m[36m.s.d.r.c.RepositoryConfigurationDelegate[0;39m [2m:[0;39m Finished Spring Data repository scanning in 12 ms. Found 1 JPA repository interface.
[2m2026-03-09T21:47:50.889+05:30[0;39m [32m INFO[0;39m [35m34744[0;39m [2m---[0;39m [2m[  restartedMain][0;39m [2m[0;39m[36mo.s.b.w.embedded.tomcat.TomcatWebServer [0;39m [2m:[0;39m Tomcat initialized with port 8080 (http)
[2m2026-03-09T21:47:50.892+05:30[0;39m [32m INFO[0;39m [35m34744[0;39m [2m---[0;39m [2m[  restartedMain][0;39m [2m[0;39m[36mo.apache.catalina.core.StandardService  [0;39m [2m:[0;39m Starting service [Tomcat]
[2m2026-03-09T21:47:50.892+05:30[0;39m [32m INFO[0;39m [35m34744[0;39m [2m---[0;39m [2m[  restartedMain][0;39m [2m[0;39m[36mo.apache.catalina.core.StandardEngine   [0;39m [2m:[0;39m Starting Servlet engine: [Apache Tomcat/10.1.19]
[2m2026-03-09T21:47:50.905+05:30[0;39m [32m INFO[0;39m [35m34744[0;39m [2m---[0;39m [2m[  restartedMain][0;39m [2m[0;39m[36mo.a.c.c.C.[Tomcat].[localhost].[/]      [0;39m [2m:[0;39m Initializing Spring embedded WebApplicationContext
[2m2026-03-09T21:47:50.906+05:30[0;39m [32m INFO[0;39m [35m34744[0;39m [2m---[0;39m [2m[  restartedMain][0;39m [2m[0;39m[36mw.s.c.ServletWebServerApplicationContext[0;39m [2m:[0;39m Root WebApplicationContext: initialization completed in 593 ms
[2m2026-03-09T21:47:50.921+05:30[0;39m [32m INFO[0;39m [35m34744[0;39m [2m---[0;39m [2m[  restartedMain][0;39m [2m[0;39m[36mcom.zaxxer.hikari.HikariDataSource      [0;39m [2m:[0;39m HikariPool-6 - Starting...
[2m2026-03-09T21:47:50.926+05:30[0;39m [32m INFO[0;39m [35m34744[0;39m [2m---[0;39m [2m[  restartedMain][0;39m [2m[0;39m[36mcom.zaxxer.hikari.pool.HikariPool       [0;39m [2m:[0;39m HikariPool-6 - Added connection conn70: url=jdbc:h2:mem:adarsh_awning user=SA
[2m2026-03-09T21:47:50.926+05:30[0;39m [32m INFO[0;39m [35m34744[0;39m [2m---[0;39m [2m[  restartedMain][0;39m [2m[0;39m[36mcom.zaxxer.hikari.HikariDataSource      [0;39m [2m:[0;39m HikariPool-6 - Start completed.
[2m2026-03-09T21:47:50.926+05:30[0;39m [32m INFO[0;39m [35m34744[0;39m [2m---[0;39m [2m[  restartedMain][0;39m [2m[0;39m[36mo.s.b.a.h2.H2ConsoleAutoConfiguration   [0;39m [2m:[0;39m H2 console available at '/h2-console'. Database available at 'jdbc:h2:mem:adarsh_awning'
[2m2026-03-09T21:47:50.968+05:30[0;39m [32m INFO[0;39m [35m34744[0;39m [2m---[0;39m [2m[  restartedMain][0;39m [2m[0;39m[36mo.hibernate.jpa.internal.util.LogHelper [0;39m [2m:[0;39m HHH000204: Processing PersistenceUnitInfo [name: default]
[2m2026-03-09T21:47:50.970+05:30[0;39m [32m INFO[0;39m [35m34744[0;39m [2m---[0;39m [2m[  restartedMain][0;39m [2m[0;39m[36mo.h.c.internal.RegionFactoryInitiator   [0;39m [2m:[0;39m HHH000026: Second-level cache disabled
[2m2026-03-09T21:47:50.982+05:30[0;39m [32m INFO[0;39m [35m34744[0;39m [2m---[0;39m [2m[  restartedMain][0;39m [2m[0;39m[36mo.s.o.j.p.SpringPersistenceUnitInfo     [0;39m [2m:[0;39m No LoadTimeWeaver setup: ignoring JPA class transformer
[2m2026-03-09T21:47:50.983+05:30[0;39m [33m WARN[0;39m [35m34744[0;39m [2m---[0;39m [2m[  restartedMain][0;39m [2m[0;39m[36morg.hibernate.orm.deprecation           [0;39m [2m:[0;39m HHH90000025: H2Dialect does not need to be specified explicitly using 'hibernate.dialect' (remove the property setting and it will be selected by default)
[2m2026-03-09T21:47:51.003+05:30[0;39m [32m INFO[0;39m [35m34744[0;39m [2m---[0;39m [2m[  restartedMain][0;39m [2m[0;39m[36mo.h.e.t.j.p.i.JtaPlatformInitiator      [0;39m [2m:[0;39m HHH000489: No JTA platform available (set 'hibernate.transaction.jta.platform' to enable JTA platform integration)
Hibernate: create table awning_users (id bigint generated by default as identity, email varchar(255) not null, password varchar(255) not null, username varchar(255) not null, primary key (id))
Hibernate: create table user_roles (user_id bigint not null, role varchar(255))
Hibernate: alter table if exists awning_users drop constraint if exists UK_p57up92fffrjenncqn3wtawix
Hibernate: alter table if exists awning_users add constraint UK_p57up92fffrjenncqn3wtawix unique (email)
Hibernate: alter table if exists awning_users drop constraint if exists UK_2uxc8urxrfk51ok6fkcn08b9b
Hibernate: alter table if exists awning_users add constraint UK_2uxc8urxrfk51ok6fkcn08b9b unique (username)
Hibernate: alter table if exists user_roles add constraint FKgsmpf944rieaqg7hi70jbpy66 foreign key (user_id) references awning_users
[2m2026-03-09T21:47:51.006+05:30[0;39m [32m INFO[0;39m [35m34744[0;39m [2m---[0;39m [2m[  restartedMain][0;39m [2m[0;39m[36mj.LocalContainerEntityManagerFactoryBean[0;39m [2m:[0;39m Initialized JPA EntityManagerFactory for persistence unit 'default'
[2m2026-03-09T21:47:51.080+05:30[0;39m [33m WARN[0;39m [35m34744[0;39m [2m---[0;39m [2m[  restartedMain][0;39m [2m[0;39m[36mJpaBaseConfiguration$JpaWebConfiguration[0;39m [2m:[0;39m spring.jpa.open-in-view is enabled by default. Therefore, database queries may be performed during view rendering. Explicitly configure spring.jpa.open-in-view to disable this warning
[2m2026-03-09T21:47:51.163+05:30[0;39m [32m INFO[0;39m [35m34744[0;39m [2m---[0;39m [2m[  restartedMain][0;39m [2m[0;39m[36mo.s.s.web.DefaultSecurityFilterChain    [0;39m [2m:[0;39m Will secure any request with [org.springframework.security.web.session.DisableEncodeUrlFilter@7545b3, org.springframework.security.web.context.request.async.WebAsyncManagerIntegrationFilter@4f7877a8, org.springframework.security.web.context.SecurityContextHolderFilter@6f2dc78f, org.springframework.security.web.header.HeaderWriterFilter@2a6f8079, org.springframework.web.filter.CorsFilter@68bc1626, org.springframework.security.web.authentication.logout.LogoutFilter@50463a38, com.example.hello.security.AuthTokenFilter@218f63c6, org.springframework.security.web.savedrequest.RequestCacheAwareFilter@41fe6a55, org.springframework.security.web.servletapi.SecurityContextHolderAwareRequestFilter@17c4465b, org.springframework.security.web.authentication.AnonymousAuthenticationFilter@10e596cc, org.springframework.security.web.session.SessionManagementFilter@20ca8658, org.springframework.security.web.access.ExceptionTranslationFilter@1c964d62, org.springframework.security.web.access.intercept.AuthorizationFilter@61032451]
[2m2026-03-09T21:47:51.228+05:30[0;39m [32m INFO[0;39m [35m34744[0;39m [2m---[0;39m [2m[  restartedMain][0;39m [2m[0;39m[36mo.s.b.d.a.OptionalLiveReloadServer      [0;39m [2m:[0;39m LiveReload server is running on port 35729
[2m2026-03-09T21:47:51.234+05:30[0;39m [32m INFO[0;39m [35m34744[0;39m [2m---[0;39m [2m[  restartedMain][0;39m [2m[0;39m[36mo.s.b.w.embedded.tomcat.TomcatWebServer [0;39m [2m:[0;39m Tomcat started on port 8080 (http) with context path ''
[2m2026-03-09T21:47:51.238+05:30[0;39m [32m INFO[0;39m [35m34744[0;39m [2m---[0;39m [2m[  restartedMain][0;39m [2m[0;39m[36mc.example.hello.HelloWorldApplication   [0;39m [2m:[0;39m Started HelloWorldApplication in 0.941 seconds (process running for 6303.776)
[2m2026-03-09T21:47:51.238+05:30[0;39m [32m INFO[0;39m [35m34744[0;39m [2m---[0;39m [2m[  restartedMain][0;39m [2m[0;39m[36m.ConditionEvaluationDeltaLoggingListener[0;39m [2m:[0;39m Condition evaluation unchanged
[2m2026-03-09T21:58:48.379+05:30[0;39m [33m WARN[0;39m [35m34744[0;39m [2m---[0;39m [2m[l-6 housekeeper][0;39m [2m[0;39m[36mcom.zaxxer.hikari.pool.HikariPool       [0;39m [2m:[0;39m HikariPool-6 - Thread starvation or clock leap detected (housekeeper delta=4m57s277ms).
[2m2026-03-09T22:23:41.981+05:30[0;39m [33m WARN[0;39m [35m34744[0;39m [2m---[0;39m [2m[l-6 housekeeper][0;39m [2m[0;39m[36mcom.zaxxer.hikari.pool.HikariPool       [0;39m [2m:[0;39m HikariPool-6 - Thread starvation or clock leap detected (housekeeper delta=17m52s608ms).
[2m2026-03-09T22:34:17.492+05:30[0;39m [33m WARN[0;39m [35m34744[0;39m [2m---[0;39m [2m[l-6 housekeeper][0;39m [2m[0;39m[36mcom.zaxxer.hikari.pool.HikariPool       [0;39m [2m:[0;39m HikariPool-6 - Thread starvation or clock leap detected (housekeeper delta=10m36s414ms).
[2m2026-03-09T22:40:01.515+05:30[0;39m [33m WARN[0;39m [35m34744[0;39m [2m---[0;39m [2m[l-6 housekeeper][0;39m [2m[0;39m[36mcom.zaxxer.hikari.pool.HikariPool       [0;39m [2m:[0;39m HikariPool-6 - Thread starvation or clock leap detected (housekeeper delta=5m44s26ms).
[2m2026-03-09T23:16:05.601+05:30[0;39m [33m WARN[0;39m [35m34744[0;39m [2m---[0;39m [2m[l-6 housekeeper][0;39m [2m[0;39m[36mcom.zaxxer.hikari.pool.HikariPool       [0;39m [2m:[0;39m HikariPool-6 - Thread starvation or clock leap detected (housekeeper delta=36m4s86ms).
[2m2026-03-09T23:19:34.408+05:30[0;39m [32m INFO[0;39m [35m34744[0;39m [2m---[0;39m [2m[   File Watcher][0;39m [2m[0;39m[36mrtingClassPathChangeChangedEventListener[0;39m [2m:[0;39m Restarting due to 1 class path change (0 additions, 0 deletions, 1 modification)
[2m2026-03-09T23:19:34.447+05:30[0;39m [32m INFO[0;39m [35m34744[0;39m [2m---[0;39m [2m[      Thread-24][0;39m [2m[0;39m[36mj.LocalContainerEntityManagerFactoryBean[0;39m [2m:[0;39m Closing JPA EntityManagerFactory for persistence unit 'default'
[2m2026-03-09T23:19:34.476+05:30[0;39m [33m WARN[0;39m [35m34744[0;39m [2m---[0;39m [2m[      Thread-24][0;39m [2m[0;39m[36mo.s.b.f.support.DisposableBeanAdapter   [0;39m [2m:[0;39m Invocation of destroy method failed on bean with name 'inMemoryDatabaseShutdownExecutor': org.h2.jdbc.JdbcSQLNonTransientConnectionException: Database is already closed (to disable automatic closing at VM shutdown, add ";DB_CLOSE_ON_EXIT=FALSE" to the db URL) [90121-224]
[2m2026-03-09T23:19:34.477+05:30[0;39m [32m INFO[0;39m [35m34744[0;39m [2m---[0;39m [2m[      Thread-24][0;39m [2m[0;39m[36mcom.zaxxer.hikari.HikariDataSource      [0;39m [2m:[0;39m HikariPool-6 - Shutdown initiated...
[2m2026-03-09T23:19:34.478+05:30[0;39m [32m INFO[0;39m [35m34744[0;39m [2m---[0;39m [2m[      Thread-24][0;39m [2m[0;39m[36mcom.zaxxer.hikari.HikariDataSource      [0;39m [2m:[0;39m HikariPool-6 - Shutdown completed.

  .   ____          _            __ _ _
 /\\ / ___'_ __ _ _(_)_ __  __ _ \ \ \ \
( ( )\___ | '_ | '_| | '_ \/ _` | \ \ \ \
 \\/  ___)| |_)| | | | | || (_| |  ) ) ) )
  '  |____| .__|_| |_|_| |_\__, | / / / /
 =========|_|==============|___/=/_/_/_/
[32m :: Spring Boot :: [39m              [2m (v3.2.3)[0;39m

[2m2026-03-09T23:19:34.613+05:30[0;39m [32m INFO[0;39m [35m34744[0;39m [2m---[0;39m [2m[  restartedMain][0;39m [2m[0;39m[36mc.example.hello.HelloWorldApplication   [0;39m [2m:[0;39m Starting HelloWorldApplication using Java 24 with PID 34744 (/Users/adarshkumarsharma/.gemini/antigravity/scratch/hello-world-app/backend/target/classes started by adarshkumarsharma in /Users/adarshkumarsharma/.gemini/antigravity/scratch/hello-world-app/backend)
[2m2026-03-09T23:19:34.614+05:30[0;39m [32m INFO[0;39m [35m34744[0;39m [2m---[0;39m [2m[  restartedMain][0;39m [2m[0;39m[36mc.example.hello.HelloWorldApplication   [0;39m [2m:[0;39m No active profile set, falling back to 1 default profile: "default"
[2m2026-03-09T23:19:34.728+05:30[0;39m [32m INFO[0;39m [35m34744[0;39m [2m---[0;39m [2m[  restartedMain][0;39m [2m[0;39m[36m.s.d.r.c.RepositoryConfigurationDelegate[0;39m [2m:[0;39m Bootstrapping Spring Data JPA repositories in DEFAULT mode.
[2m2026-03-09T23:19:34.739+05:30[0;39m [32m INFO[0;39m [35m34744[0;39m [2m---[0;39m [2m[  restartedMain][0;39m [2m[0;39m[36m.s.d.r.c.RepositoryConfigurationDelegate[0;39m [2m:[0;39m Finished Spring Data repository scanning in 10 ms. Found 1 JPA repository interface.
[2m2026-03-09T23:19:34.947+05:30[0;39m [32m INFO[0;39m [35m34744[0;39m [2m---[0;39m [2m[  restartedMain][0;39m [2m[0;39m[36mo.s.b.w.embedded.tomcat.TomcatWebServer [0;39m [2m:[0;39m Tomcat initialized with port 8080 (http)
[2m2026-03-09T23:19:34.950+05:30[0;39m [32m INFO[0;39m [35m34744[0;39m [2m---[0;39m [2m[  restartedMain][0;39m [2m[0;39m[36mo.apache.catalina.core.StandardService  [0;39m [2m:[0;39m Starting service [Tomcat]
[2m2026-03-09T23:19:34.950+05:30[0;39m [32m INFO[0;39m [35m34744[0;39m [2m---[0;39m [2m[  restartedMain][0;39m [2m[0;39m[36mo.apache.catalina.core.StandardEngine   [0;39m [2m:[0;39m Starting Servlet engine: [Apache Tomcat/10.1.19]
[2m2026-03-09T23:19:34.954+05:30[0;39m [32m INFO[0;39m [35m34744[0;39m [2m---[0;39m [2m[  restartedMain][0;39m [2m[0;39m[36mo.a.c.c.C.[Tomcat].[localhost].[/]      [0;39m [2m:[0;39m Initializing Spring embedded WebApplicationContext
[2m2026-03-09T23:19:34.954+05:30[0;39m [32m INFO[0;39m [35m34744[0;39m [2m---[0;39m [2m[  restartedMain][0;39m [2m[0;39m[36mw.s.c.ServletWebServerApplicationContext[0;39m [2m:[0;39m Root WebApplicationContext: initialization completed in 339 ms
[2m2026-03-09T23:19:34.967+05:30[0;39m [32m INFO[0;39m [35m34744[0;39m [2m---[0;39m [2m[  restartedMain][0;39m [2m[0;39m[36mcom.zaxxer.hikari.HikariDataSource      [0;39m [2m:[0;39m HikariPool-7 - Starting...
[2m2026-03-09T23:19:34.968+05:30[0;39m [32m INFO[0;39m [35m34744[0;39m [2m---[0;39m [2m[  restartedMain][0;39m [2m[0;39m[36mcom.zaxxer.hikari.pool.HikariPool       [0;39m [2m:[0;39m HikariPool-7 - Added connection conn80: url=jdbc:h2:mem:cfd435c7-98ee-4bfe-bb7f-5747118a9b20 user=SA
[2m2026-03-09T23:19:34.969+05:30[0;39m [32m INFO[0;39m [35m34744[0;39m [2m---[0;39m [2m[  restartedMain][0;39m [2m[0;39m[36mcom.zaxxer.hikari.HikariDataSource      [0;39m [2m:[0;39m HikariPool-7 - Start completed.
[2m2026-03-09T23:19:34.969+05:30[0;39m [32m INFO[0;39m [35m34744[0;39m [2m---[0;39m [2m[  restartedMain][0;39m [2m[0;39m[36mo.s.b.a.h2.H2ConsoleAutoConfiguration   [0;39m [2m:[0;39m H2 console available at '/h2-console'. Database available at 'jdbc:h2:mem:cfd435c7-98ee-4bfe-bb7f-5747118a9b20'
[2m2026-03-09T23:19:34.997+05:30[0;39m [32m INFO[0;39m [35m34744[0;39m [2m---[0;39m [2m[  restartedMain][0;39m [2m[0;39m[36mo.hibernate.jpa.internal.util.LogHelper [0;39m [2m:[0;39m HHH000204: Processing PersistenceUnitInfo [name: default]
[2m2026-03-09T23:19:34.998+05:30[0;39m [32m INFO[0;39m [35m34744[0;39m [2m---[0;39m [2m[  restartedMain][0;39m [2m[0;39m[36mo.h.c.internal.RegionFactoryInitiator   [0;39m [2m:[0;39m HHH000026: Second-level cache disabled
[2m2026-03-09T23:19:34.999+05:30[0;39m [32m INFO[0;39m [35m34744[0;39m [2m---[0;39m [2m[  restartedMain][0;39m [2m[0;39m[36mo.s.o.j.p.SpringPersistenceUnitInfo     [0;39m [2m:[0;39m No LoadTimeWeaver setup: ignoring JPA class transformer
[2m2026-03-09T23:19:35.026+05:30[0;39m [32m INFO[0;39m [35m34744[0;39m [2m---[0;39m [2m[  restartedMain][0;39m [2m[0;39m[36mo.h.e.t.j.p.i.JtaPlatformInitiator      [0;39m [2m:[0;39m HHH000489: No JTA platform available (set 'hibernate.transaction.jta.platform' to enable JTA platform integration)
[2m2026-03-09T23:19:35.033+05:30[0;39m [32m INFO[0;39m [35m34744[0;39m [2m---[0;39m [2m[  restartedMain][0;39m [2m[0;39m[36mj.LocalContainerEntityManagerFactoryBean[0;39m [2m:[0;39m Initialized JPA EntityManagerFactory for persistence unit 'default'
[2m2026-03-09T23:19:35.114+05:30[0;39m [33m WARN[0;39m [35m34744[0;39m [2m---[0;39m [2m[  restartedMain][0;39m [2m[0;39m[36mJpaBaseConfiguration$JpaWebConfiguration[0;39m [2m:[0;39m spring.jpa.open-in-view is enabled by default. Therefore, database queries may be performed during view rendering. Explicitly configure spring.jpa.open-in-view to disable this warning
[2m2026-03-09T23:19:35.294+05:30[0;39m [32m INFO[0;39m [35m34744[0;39m [2m---[0;39m [2m[  restartedMain][0;39m [2m[0;39m[36mo.s.s.web.DefaultSecurityFilterChain    [0;39m [2m:[0;39m Will secure any request with [org.springframework.security.web.session.DisableEncodeUrlFilter@ae463b9, org.springframework.security.web.context.request.async.WebAsyncManagerIntegrationFilter@6687f746, org.springframework.security.web.context.SecurityContextHolderFilter@41688553, org.springframework.security.web.header.HeaderWriterFilter@4dbedf2e, org.springframework.web.filter.CorsFilter@17ab40bc, org.springframework.security.web.authentication.logout.LogoutFilter@cc0fa03, com.example.hello.security.AuthTokenFilter@c76dcae, org.springframework.security.web.savedrequest.RequestCacheAwareFilter@17df3309, org.springframework.security.web.servletapi.SecurityContextHolderAwareRequestFilter@2c23d973, org.springframework.security.web.authentication.AnonymousAuthenticationFilter@6aa29f17, org.springframework.security.web.session.SessionManagementFilter@3990bf3, org.springframework.security.web.access.ExceptionTranslationFilter@16181f28, org.springframework.security.web.access.intercept.AuthorizationFilter@17f9177]
[2m2026-03-09T23:19:35.356+05:30[0;39m [32m INFO[0;39m [35m34744[0;39m [2m---[0;39m [2m[  restartedMain][0;39m [2m[0;39m[36mo.s.b.d.a.OptionalLiveReloadServer      [0;39m [2m:[0;39m LiveReload server is running on port 35729
[2m2026-03-09T23:19:35.360+05:30[0;39m [32m INFO[0;39m [35m34744[0;39m [2m---[0;39m [2m[  restartedMain][0;39m [2m[0;39m[36mo.s.b.w.embedded.tomcat.TomcatWebServer [0;39m [2m:[0;39m Tomcat started on port 8080 (http) with context path ''
[2m2026-03-09T23:19:35.362+05:30[0;39m [32m INFO[0;39m [35m34744[0;39m [2m---[0;39m [2m[  restartedMain][0;39m [2m[0;39m[36mc.example.hello.HelloWorldApplication   [0;39m [2m:[0;39m Started HelloWorldApplication in 0.766 seconds (process running for 7445.704)
[2m2026-03-09T23:19:35.363+05:30[0;39m [32m INFO[0;39m [35m34744[0;39m [2m---[0;39m [2m[  restartedMain][0;39m [2m[0;39m[36m.ConditionEvaluationDeltaLoggingListener[0;39m [2m:[0;39m Condition evaluation unchanged
[2m2026-03-09T23:19:36.776+05:30[0;39m [32m INFO[0;39m [35m34744[0;39m [2m---[0;39m [2m[   File Watcher][0;39m [2m[0;39m[36mrtingClassPathChangeChangedEventListener[0;39m [2m:[0;39m Restarting due to 1 class path change (0 additions, 0 deletions, 1 modification)
[2m2026-03-09T23:19:36.789+05:30[0;39m [32m INFO[0;39m [35m34744[0;39m [2m---[0;39m [2m[      Thread-28][0;39m [2m[0;39m[36mj.LocalContainerEntityManagerFactoryBean[0;39m [2m:[0;39m Closing JPA EntityManagerFactory for persistence unit 'default'
[2m2026-03-09T23:19:36.798+05:30[0;39m [33m WARN[0;39m [35m34744[0;39m [2m---[0;39m [2m[      Thread-28][0;39m [2m[0;39m[36mo.s.b.f.support.DisposableBeanAdapter   [0;39m [2m:[0;39m Invocation of destroy method failed on bean with name 'inMemoryDatabaseShutdownExecutor': org.h2.jdbc.JdbcSQLNonTransientConnectionException: Database is already closed (to disable automatic closing at VM shutdown, add ";DB_CLOSE_ON_EXIT=FALSE" to the db URL) [90121-224]
[2m2026-03-09T23:19:36.798+05:30[0;39m [32m INFO[0;39m [35m34744[0;39m [2m---[0;39m [2m[      Thread-28][0;39m [2m[0;39m[36mcom.zaxxer.hikari.HikariDataSource      [0;39m [2m:[0;39m HikariPool-7 - Shutdown initiated...
[2m2026-03-09T23:19:36.799+05:30[0;39m [32m INFO[0;39m [35m34744[0;39m [2m---[0;39m [2m[      Thread-28][0;39m [2m[0;39m[36mcom.zaxxer.hikari.HikariDataSource      [0;39m [2m:[0;39m HikariPool-7 - Shutdown completed.

  .   ____          _            __ _ _
 /\\ / ___'_ __ _ _(_)_ __  __ _ \ \ \ \
( ( )\___ | '_ | '_| | '_ \/ _` | \ \ \ \
 \\/  ___)| |_)| | | | | || (_| |  ) ) ) )
  '  |____| .__|_| |_|_| |_\__, | / / / /
 =========|_|==============|___/=/_/_/_/
[32m :: Spring Boot :: [39m              [2m (v3.2.3)[0;39m

[2m2026-03-09T23:19:36.842+05:30[0;39m [32m INFO[0;39m [35m34744[0;39m [2m---[0;39m [2m[  restartedMain][0;39m [2m[0;39m[36mc.example.hello.HelloWorldApplication   [0;39m [2m:[0;39m Starting HelloWorldApplication using Java 24 with PID 34744 (/Users/adarshkumarsharma/.gemini/antigravity/scratch/hello-world-app/backend/target/classes started by adarshkumarsharma in /Users/adarshkumarsharma/.gemini/antigravity/scratch/hello-world-app/backend)
[2m2026-03-09T23:19:36.842+05:30[0;39m [32m INFO[0;39m [35m34744[0;39m [2m---[0;39m [2m[  restartedMain][0;39m [2m[0;39m[36mc.example.hello.HelloWorldApplication   [0;39m [2m:[0;39m No active profile set, falling back to 1 default profile: "default"
[2m2026-03-09T23:19:36.886+05:30[0;39m [32m INFO[0;39m [35m34744[0;39m [2m---[0;39m [2m[  restartedMain][0;39m [2m[0;39m[36m.s.d.r.c.RepositoryConfigurationDelegate[0;39m [2m:[0;39m Bootstrapping Spring Data JPA repositories in DEFAULT mode.
[2m2026-03-09T23:19:36.889+05:30[0;39m [32m INFO[0;39m [35m34744[0;39m [2m---[0;39m [2m[  restartedMain][0;39m [2m[0;39m[36m.s.d.r.c.RepositoryConfigurationDelegate[0;39m [2m:[0;39m Finished Spring Data repository scanning in 2 ms. Found 1 JPA repository interface.
[2m2026-03-09T23:19:36.943+05:30[0;39m [32m INFO[0;39m [35m34744[0;39m [2m---[0;39m [2m[  restartedMain][0;39m [2m[0;39m[36mo.s.b.w.embedded.tomcat.TomcatWebServer [0;39m [2m:[0;39m Tomcat initialized with port 8080 (http)
[2m2026-03-09T23:19:36.943+05:30[0;39m [32m INFO[0;39m [35m34744[0;39m [2m---[0;39m [2m[  restartedMain][0;39m [2m[0;39m[36mo.apache.catalina.core.StandardService  [0;39m [2m:[0;39m Starting service [Tomcat]
[2m2026-03-09T23:19:36.943+05:30[0;39m [32m INFO[0;39m [35m34744[0;39m [2m---[0;39m [2m[  restartedMain][0;39m [2m[0;39m[36mo.apache.catalina.core.StandardEngine   [0;39m [2m:[0;39m Starting Servlet engine: [Apache Tomcat/10.1.19]
[2m2026-03-09T23:19:36.947+05:30[0;39m [32m INFO[0;39m [35m34744[0;39m [2m---[0;39m [2m[  restartedMain][0;39m [2m[0;39m[36mo.a.c.c.C.[Tomcat].[localhost].[/]      [0;39m [2m:[0;39m Initializing Spring embedded WebApplicationContext
[2m2026-03-09T23:19:36.947+05:30[0;39m [32m INFO[0;39m [35m34744[0;39m [2m---[0;39m [2m[  restartedMain][0;39m [2m[0;39m[36mw.s.c.ServletWebServerApplicationContext[0;39m [2m:[0;39m Root WebApplicationContext: initialization completed in 104 ms
[2m2026-03-09T23:19:36.956+05:30[0;39m [32m INFO[0;39m [35m34744[0;39m [2m---[0;39m [2m[  restartedMain][0;39m [2m[0;39m[36mcom.zaxxer.hikari.HikariDataSource      [0;39m [2m:[0;39m HikariPool-8 - Starting...
[2m2026-03-09T23:19:36.957+05:30[0;39m [32m INFO[0;39m [35m34744[0;39m [2m---[0;39m [2m[  restartedMain][0;39m [2m[0;39m[36mcom.zaxxer.hikari.pool.HikariPool       [0;39m [2m:[0;39m HikariPool-8 - Added connection conn90: url=jdbc:h2:mem:ca75a39c-176b-40d5-bc60-c672da56e35e user=SA
[2m2026-03-09T23:19:36.957+05:30[0;39m [32m INFO[0;39m [35m34744[0;39m [2m---[0;39m [2m[  restartedMain][0;39m [2m[0;39m[36mcom.zaxxer.hikari.HikariDataSource      [0;39m [2m:[0;39m HikariPool-8 - Start completed.
[2m2026-03-09T23:19:36.957+05:30[0;39m [32m INFO[0;39m [35m34744[0;39m [2m---[0;39m [2m[  restartedMain][0;39m [2m[0;39m[36mo.s.b.a.h2.H2ConsoleAutoConfiguration   [0;39m [2m:[0;39m H2 console available at '/h2-console'. Database available at 'jdbc:h2:mem:ca75a39c-176b-40d5-bc60-c672da56e35e'
[2m2026-03-09T23:19:36.973+05:30[0;39m [32m INFO[0;39m [35m34744[0;39m [2m---[0;39m [2m[  restartedMain][0;39m [2m[0;39m[36mo.hibernate.jpa.internal.util.LogHelper [0;39m [2m:[0;39m HHH000204: Processing PersistenceUnitInfo [name: default]
[2m2026-03-09T23:19:36.974+05:30[0;39m [32m INFO[0;39m [35m34744[0;39m [2m---[0;39m [2m[  restartedMain][0;39m [2m[0;39m[36mo.h.c.internal.RegionFactoryInitiator   [0;39m [2m:[0;39m HHH000026: Second-level cache disabled
[2m2026-03-09T23:19:36.975+05:30[0;39m [32m INFO[0;39m [35m34744[0;39m [2m---[0;39m [2m[  restartedMain][0;39m [2m[0;39m[36mo.s.o.j.p.SpringPersistenceUnitInfo     [0;39m [2m:[0;39m No LoadTimeWeaver setup: ignoring JPA class transformer
[2m2026-03-09T23:19:36.988+05:30[0;39m [32m INFO[0;39m [35m34744[0;39m [2m---[0;39m [2m[  restartedMain][0;39m [2m[0;39m[36mo.h.e.t.j.p.i.JtaPlatformInitiator      [0;39m [2m:[0;39m HHH000489: No JTA platform available (set 'hibernate.transaction.jta.platform' to enable JTA platform integration)
[2m2026-03-09T23:19:36.989+05:30[0;39m [32m INFO[0;39m [35m34744[0;39m [2m---[0;39m [2m[  restartedMain][0;39m [2m[0;39m[36mj.LocalContainerEntityManagerFactoryBean[0;39m [2m:[0;39m Initialized JPA EntityManagerFactory for persistence unit 'default'
[2m2026-03-09T23:19:37.057+05:30[0;39m [33m WARN[0;39m [35m34744[0;39m [2m---[0;39m [2m[  restartedMain][0;39m [2m[0;39m[36mJpaBaseConfiguration$JpaWebConfiguration[0;39m [2m:[0;39m spring.jpa.open-in-view is enabled by default. Therefore, database queries may be performed during view rendering. Explicitly configure spring.jpa.open-in-view to disable this warning
[2m2026-03-09T23:19:37.144+05:30[0;39m [32m INFO[0;39m [35m34744[0;39m [2m---[0;39m [2m[  restartedMain][0;39m [2m[0;39m[36mo.s.s.web.DefaultSecurityFilterChain    [0;39m [2m:[0;39m Will secure any request with [org.springframework.security.web.session.DisableEncodeUrlFilter@501b51f5, org.springframework.security.web.context.request.async.WebAsyncManagerIntegrationFilter@46194b32, org.springframework.security.web.context.SecurityContextHolderFilter@54421521, org.springframework.security.web.header.HeaderWriterFilter@215295c5, org.springframework.web.filter.CorsFilter@37fdfc28, org.springframework.security.web.authentication.logout.LogoutFilter@2b294d0, com.example.hello.security.AuthTokenFilter@5245149f, org.springframework.security.web.savedrequest.RequestCacheAwareFilter@7532fc11, org.springframework.security.web.servletapi.SecurityContextHolderAwareRequestFilter@407bb3cf, org.springframework.security.web.authentication.AnonymousAuthenticationFilter@1a2d2f98, org.springframework.security.web.session.SessionManagementFilter@54ea515e, org.springframework.security.web.access.ExceptionTranslationFilter@e45f29a, org.springframework.security.web.access.intercept.AuthorizationFilter@7d7a00f7]
[2m2026-03-09T23:19:37.205+05:30[0;39m [32m INFO[0;39m [35m34744[0;39m [2m---[0;39m [2m[  restartedMain][0;39m [2m[0;39m[36mo.s.b.d.a.OptionalLiveReloadServer      [0;39m [2m:[0;39m LiveReload server is running on port 35729
[2m2026-03-09T23:19:37.210+05:30[0;39m [32m INFO[0;39m [35m34744[0;39m [2m---[0;39m [2m[  restartedMain][0;39m [2m[0;39m[36mo.s.b.w.embedded.tomcat.TomcatWebServer [0;39m [2m:[0;39m Tomcat started on port 8080 (http) with context path ''
[2m2026-03-09T23:19:37.211+05:30[0;39m [32m INFO[0;39m [35m34744[0;39m [2m---[0;39m [2m[  restartedMain][0;39m [2m[0;39m[36mc.example.hello.HelloWorldApplication   [0;39m [2m:[0;39m Started HelloWorldApplication in 0.376 seconds (process running for 7447.553)
[2m2026-03-09T23:19:37.212+05:30[0;39m [32m INFO[0;39m [35m34744[0;39m [2m---[0;39m [2m[  restartedMain][0;39m [2m[0;39m[36m.ConditionEvaluationDeltaLoggingListener[0;39m [2m:[0;39m Condition evaluation unchanged
[2m2026-03-09T23:20:05.938+05:30[0;39m [32m INFO[0;39m [35m34744[0;39m [2m---[0;39m [2m[   File Watcher][0;39m [2m[0;39m[36mrtingClassPathChangeChangedEventListener[0;39m [2m:[0;39m Restarting due to 1 class path change (0 additions, 0 deletions, 1 modification)
[2m2026-03-09T23:20:05.949+05:30[0;39m [32m INFO[0;39m [35m34744[0;39m [2m---[0;39m [2m[      Thread-32][0;39m [2m[0;39m[36mj.LocalContainerEntityManagerFactoryBean[0;39m [2m:[0;39m Closing JPA EntityManagerFactory for persistence unit 'default'
[2m2026-03-09T23:20:05.954+05:30[0;39m [33m WARN[0;39m [35m34744[0;39m [2m---[0;39m [2m[      Thread-32][0;39m [2m[0;39m[36mo.s.b.f.support.DisposableBeanAdapter   [0;39m [2m:[0;39m Invocation of destroy method failed on bean with name 'inMemoryDatabaseShutdownExecutor': org.h2.jdbc.JdbcSQLNonTransientConnectionException: Database is already closed (to disable automatic closing at VM shutdown, add ";DB_CLOSE_ON_EXIT=FALSE" to the db URL) [90121-224]
[2m2026-03-09T23:20:05.954+05:30[0;39m [32m INFO[0;39m [35m34744[0;39m [2m---[0;39m [2m[      Thread-32][0;39m [2m[0;39m[36mcom.zaxxer.hikari.HikariDataSource      [0;39m [2m:[0;39m HikariPool-8 - Shutdown initiated...
[2m2026-03-09T23:20:05.955+05:30[0;39m [32m INFO[0;39m [35m34744[0;39m [2m---[0;39m [2m[      Thread-32][0;39m [2m[0;39m[36mcom.zaxxer.hikari.HikariDataSource      [0;39m [2m:[0;39m HikariPool-8 - Shutdown completed.
Exception in thread "restartedMain" java.lang.reflect.InvocationTargetException
	at java.base/jdk.internal.reflect.DirectMethodHandleAccessor.invoke(DirectMethodHandleAccessor.java:119)
	at java.base/java.lang.reflect.Method.invoke(Method.java:565)
	at org.springframework.boot.devtools.restart.RestartLauncher.run(RestartLauncher.java:50)
Caused by: java.lang.Error: Unresolved compilation problem: 
	SpringApplication cannot be resolved

	at com.example.hello.HelloWorldApplication.main(HelloWorldApplication.java:9)
	at java.base/jdk.internal.reflect.DirectMethodHandleAccessor.invoke(DirectMethodHandleAccessor.java:104)
	... 2 more
Exception in thread "restartedMain" java.lang.reflect.InvocationTargetException
	at java.base/jdk.internal.reflect.DirectMethodHandleAccessor.invoke(DirectMethodHandleAccessor.java:119)
	at java.base/java.lang.reflect.Method.invoke(Method.java:565)
	at org.springframework.boot.devtools.restart.RestartLauncher.run(RestartLauncher.java:50)
Caused by: java.lang.Error: Unresolved compilation problem: 
	SpringApplication cannot be resolved

	at com.example.hello.HelloWorldApplication.main(HelloWorldApplication.java:9)
	at java.base/jdk.internal.reflect.DirectMethodHandleAccessor.invoke(DirectMethodHandleAccessor.java:104)
	... 2 more

  .   ____          _            __ _ _
 /\\ / ___'_ __ _ _(_)_ __  __ _ \ \ \ \
( ( )\___ | '_ | '_| | '_ \/ _` | \ \ \ \
 \\/  ___)| |_)| | | | | || (_| |  ) ) ) )
  '  |____| .__|_| |_|_| |_\__, | / / / /
 =========|_|==============|___/=/_/_/_/
[32m :: Spring Boot :: [39m              [2m (v3.2.3)[0;39m

[2m2026-03-09T23:20:19.944+05:30[0;39m [32m INFO[0;39m [35m34744[0;39m [2m---[0;39m [2m[  restartedMain][0;39m [2m[0;39m[36mc.example.hello.HelloWorldApplication   [0;39m [2m:[0;39m Starting HelloWorldApplication using Java 24 with PID 34744 (/Users/adarshkumarsharma/.gemini/antigravity/scratch/hello-world-app/backend/target/classes started by adarshkumarsharma in /Users/adarshkumarsharma/.gemini/antigravity/scratch/hello-world-app/backend)
[2m2026-03-09T23:20:19.944+05:30[0;39m [32m INFO[0;39m [35m34744[0;39m [2m---[0;39m [2m[  restartedMain][0;39m [2m[0;39m[36mc.example.hello.HelloWorldApplication   [0;39m [2m:[0;39m The following 1 profile is active: "dev"
[2m2026-03-09T23:20:20.048+05:30[0;39m [32m INFO[0;39m [35m34744[0;39m [2m---[0;39m [2m[  restartedMain][0;39m [2m[0;39m[36m.s.d.r.c.RepositoryConfigurationDelegate[0;39m [2m:[0;39m Bootstrapping Spring Data JPA repositories in DEFAULT mode.
[2m2026-03-09T23:20:20.053+05:30[0;39m [32m INFO[0;39m [35m34744[0;39m [2m---[0;39m [2m[  restartedMain][0;39m [2m[0;39m[36m.s.d.r.c.RepositoryConfigurationDelegate[0;39m [2m:[0;39m Finished Spring Data repository scanning in 4 ms. Found 1 JPA repository interface.
[2m2026-03-09T23:20:20.131+05:30[0;39m [32m INFO[0;39m [35m34744[0;39m [2m---[0;39m [2m[  restartedMain][0;39m [2m[0;39m[36mo.s.b.w.embedded.tomcat.TomcatWebServer [0;39m [2m:[0;39m Tomcat initialized with port 8080 (http)
[2m2026-03-09T23:20:20.131+05:30[0;39m [32m INFO[0;39m [35m34744[0;39m [2m---[0;39m [2m[  restartedMain][0;39m [2m[0;39m[36mo.apache.catalina.core.StandardService  [0;39m [2m:[0;39m Starting service [Tomcat]
[2m2026-03-09T23:20:20.131+05:30[0;39m [32m INFO[0;39m [35m34744[0;39m [2m---[0;39m [2m[  restartedMain][0;39m [2m[0;39m[36mo.apache.catalina.core.StandardEngine   [0;39m [2m:[0;39m Starting Servlet engine: [Apache Tomcat/10.1.19]
[2m2026-03-09T23:20:20.136+05:30[0;39m [32m INFO[0;39m [35m34744[0;39m [2m---[0;39m [2m[  restartedMain][0;39m [2m[0;39m[36mo.a.c.c.C.[Tomcat].[localhost].[/]      [0;39m [2m:[0;39m Initializing Spring embedded WebApplicationContext
[2m2026-03-09T23:20:20.136+05:30[0;39m [32m INFO[0;39m [35m34744[0;39m [2m---[0;39m [2m[  restartedMain][0;39m [2m[0;39m[36mw.s.c.ServletWebServerApplicationContext[0;39m [2m:[0;39m Root WebApplicationContext: initialization completed in 191 ms
[2m2026-03-09T23:20:20.155+05:30[0;39m [32m INFO[0;39m [35m34744[0;39m [2m---[0;39m [2m[  restartedMain][0;39m [2m[0;39m[36mcom.zaxxer.hikari.HikariDataSource      [0;39m [2m:[0;39m HikariPool-9 - Starting...
[2m2026-03-09T23:20:20.157+05:30[0;39m [32m INFO[0;39m [35m34744[0;39m [2m---[0;39m [2m[  restartedMain][0;39m [2m[0;39m[36mcom.zaxxer.hikari.pool.HikariPool       [0;39m [2m:[0;39m HikariPool-9 - Added connection conn100: url=jdbc:h2:mem:adarsh_awning user=SA
[2m2026-03-09T23:20:20.157+05:30[0;39m [32m INFO[0;39m [35m34744[0;39m [2m---[0;39m [2m[  restartedMain][0;39m [2m[0;39m[36mcom.zaxxer.hikari.HikariDataSource      [0;39m [2m:[0;39m HikariPool-9 - Start completed.
[2m2026-03-09T23:20:20.157+05:30[0;39m [32m INFO[0;39m [35m34744[0;39m [2m---[0;39m [2m[  restartedMain][0;39m [2m[0;39m[36mo.s.b.a.h2.H2ConsoleAutoConfiguration   [0;39m [2m:[0;39m H2 console available at '/h2-console'. Database available at 'jdbc:h2:mem:adarsh_awning'
[2m2026-03-09T23:20:20.177+05:30[0;39m [32m INFO[0;39m [35m34744[0;39m [2m---[0;39m [2m[  restartedMain][0;39m [2m[0;39m[36mo.hibernate.jpa.internal.util.LogHelper [0;39m [2m:[0;39m HHH000204: Processing PersistenceUnitInfo [name: default]
[2m2026-03-09T23:20:20.178+05:30[0;39m [32m INFO[0;39m [35m34744[0;39m [2m---[0;39m [2m[  restartedMain][0;39m [2m[0;39m[36mo.h.c.internal.RegionFactoryInitiator   [0;39m [2m:[0;39m HHH000026: Second-level cache disabled
[2m2026-03-09T23:20:20.179+05:30[0;39m [32m INFO[0;39m [35m34744[0;39m [2m---[0;39m [2m[  restartedMain][0;39m [2m[0;39m[36mo.s.o.j.p.SpringPersistenceUnitInfo     [0;39m [2m:[0;39m No LoadTimeWeaver setup: ignoring JPA class transformer
[2m2026-03-09T23:20:20.180+05:30[0;39m [33m WARN[0;39m [35m34744[0;39m [2m---[0;39m [2m[  restartedMain][0;39m [2m[0;39m[36morg.hibernate.orm.deprecation           [0;39m [2m:[0;39m HHH90000025: H2Dialect does not need to be specified explicitly using 'hibernate.dialect' (remove the property setting and it will be selected by default)
[2m2026-03-09T23:20:20.196+05:30[0;39m [32m INFO[0;39m [35m34744[0;39m [2m---[0;39m [2m[  restartedMain][0;39m [2m[0;39m[36mo.h.e.t.j.p.i.JtaPlatformInitiator      [0;39m [2m:[0;39m HHH000489: No JTA platform available (set 'hibernate.transaction.jta.platform' to enable JTA platform integration)
Hibernate: create table awning_users (id bigint generated by default as identity, email varchar(255) not null, password varchar(255) not null, username varchar(255) not null, primary key (id))
Hibernate: create table user_roles (user_id bigint not null, role varchar(255))
Hibernate: alter table if exists awning_users drop constraint if exists UK_p57up92fffrjenncqn3wtawix
Hibernate: alter table if exists awning_users add constraint UK_p57up92fffrjenncqn3wtawix unique (email)
Hibernate: alter table if exists awning_users drop constraint if exists UK_2uxc8urxrfk51ok6fkcn08b9b
Hibernate: alter table if exists awning_users add constraint UK_2uxc8urxrfk51ok6fkcn08b9b unique (username)
Hibernate: alter table if exists user_roles add constraint FKgsmpf944rieaqg7hi70jbpy66 foreign key (user_id) references awning_users
[2m2026-03-09T23:20:20.200+05:30[0;39m [32m INFO[0;39m [35m34744[0;39m [2m---[0;39m [2m[  restartedMain][0;39m [2m[0;39m[36mj.LocalContainerEntityManagerFactoryBean[0;39m [2m:[0;39m Initialized JPA EntityManagerFactory for persistence unit 'default'
[2m2026-03-09T23:20:20.279+05:30[0;39m [33m WARN[0;39m [35m34744[0;39m [2m---[0;39m [2m[  restartedMain][0;39m [2m[0;39m[36mJpaBaseConfiguration$JpaWebConfiguration[0;39m [2m:[0;39m spring.jpa.open-in-view is enabled by default. Therefore, database queries may be performed during view rendering. Explicitly configure spring.jpa.open-in-view to disable this warning
[2m2026-03-09T23:20:20.361+05:30[0;39m [32m INFO[0;39m [35m34744[0;39m [2m---[0;39m [2m[  restartedMain][0;39m [2m[0;39m[36mo.s.s.web.DefaultSecurityFilterChain    [0;39m [2m:[0;39m Will secure any request with [org.springframework.security.web.session.DisableEncodeUrlFilter@1fba1c39, org.springframework.security.web.context.request.async.WebAsyncManagerIntegrationFilter@6375ea6, org.springframework.security.web.context.SecurityContextHolderFilter@34037fe6, org.springframework.security.web.header.HeaderWriterFilter@9333330, org.springframework.web.filter.CorsFilter@27524d7a, org.springframework.security.web.authentication.logout.LogoutFilter@74fdbd3d, com.example.hello.security.AuthTokenFilter@25545b25, org.springframework.security.web.savedrequest.RequestCacheAwareFilter@5b9f7f80, org.springframework.security.web.servletapi.SecurityContextHolderAwareRequestFilter@4b256d70, org.springframework.security.web.authentication.AnonymousAuthenticationFilter@13c4d5f9, org.springframework.security.web.session.SessionManagementFilter@6c8f929f, org.springframework.security.web.access.ExceptionTranslationFilter@149f7d83, org.springframework.security.web.access.intercept.AuthorizationFilter@34101647]
[2m2026-03-09T23:20:20.434+05:30[0;39m [32m INFO[0;39m [35m34744[0;39m [2m---[0;39m [2m[  restartedMain][0;39m [2m[0;39m[36mo.s.b.d.a.OptionalLiveReloadServer      [0;39m [2m:[0;39m LiveReload server is running on port 35729
[2m2026-03-09T23:20:20.438+05:30[0;39m [32m INFO[0;39m [35m34744[0;39m [2m---[0;39m [2m[  restartedMain][0;39m [2m[0;39m[36mo.s.b.w.embedded.tomcat.TomcatWebServer [0;39m [2m:[0;39m Tomcat started on port 8080 (http) with context path ''
[2m2026-03-09T23:20:20.439+05:30[0;39m [32m INFO[0;39m [35m34744[0;39m [2m---[0;39m [2m[  restartedMain][0;39m [2m[0;39m[36mc.example.hello.HelloWorldApplication   [0;39m [2m:[0;39m Started HelloWorldApplication in 0.509 seconds (process running for 7490.781)
###### ACTIVE PROFILES: [dev]
[2m2026-03-09T23:20:20.442+05:30[0;39m [32m INFO[0;39m [35m34744[0;39m [2m---[0;39m [2m[  restartedMain][0;39m [2m[0;39m[36m.ConditionEvaluationDeltaLoggingListener[0;39m [2m:[0;39m Condition evaluation unchanged
[2m2026-03-09T23:31:28.435+05:30[0;39m [33m WARN[0;39m [35m34744[0;39m [2m---[0;39m [2m[l-9 housekeeper][0;39m [2m[0;39m[36mcom.zaxxer.hikari.pool.HikariPool       [0;39m [2m:[0;39m HikariPool-9 - Thread starvation or clock leap detected (housekeeper delta=1m8s70ms).
[2m2026-03-09T23:54:13.242+05:30[0;39m [33m WARN[0;39m [35m34744[0;39m [2m---[0;39m [2m[l-9 housekeeper][0;39m [2m[0;39m[36mcom.zaxxer.hikari.pool.HikariPool       [0;39m [2m:[0;39m HikariPool-9 - Thread starvation or clock leap detected (housekeeper delta=14m14s705ms).
[2m2026-03-10T00:25:35.174+05:30[0;39m [32m INFO[0;39m [35m34744[0;39m [2m---[0;39m [2m[   File Watcher][0;39m [2m[0;39m[36mrtingClassPathChangeChangedEventListener[0;39m [2m:[0;39m Restarting due to 1 class path change (0 additions, 0 deletions, 1 modification)
[2m2026-03-10T00:25:35.277+05:30[0;39m [32m INFO[0;39m [35m34744[0;39m [2m---[0;39m [2m[      Thread-36][0;39m [2m[0;39m[36mj.LocalContainerEntityManagerFactoryBean[0;39m [2m:[0;39m Closing JPA EntityManagerFactory for persistence unit 'default'
[2m2026-03-10T00:25:35.384+05:30[0;39m [33m WARN[0;39m [35m34744[0;39m [2m---[0;39m [2m[      Thread-36][0;39m [2m[0;39m[36mo.s.b.f.support.DisposableBeanAdapter   [0;39m [2m:[0;39m Invocation of destroy method failed on bean with name 'inMemoryDatabaseShutdownExecutor': org.h2.jdbc.JdbcSQLNonTransientConnectionException: Database is already closed (to disable automatic closing at VM shutdown, add ";DB_CLOSE_ON_EXIT=FALSE" to the db URL) [90121-224]
[2m2026-03-10T00:25:35.387+05:30[0;39m [32m INFO[0;39m [35m34744[0;39m [2m---[0;39m [2m[      Thread-36][0;39m [2m[0;39m[36mcom.zaxxer.hikari.HikariDataSource      [0;39m [2m:[0;39m HikariPool-9 - Shutdown initiated...
[2m2026-03-10T00:25:35.396+05:30[0;39m [32m INFO[0;39m [35m34744[0;39m [2m---[0;39m [2m[      Thread-36][0;39m [2m[0;39m[36mcom.zaxxer.hikari.HikariDataSource      [0;39m [2m:[0;39m HikariPool-9 - Shutdown completed.

  .   ____          _            __ _ _
 /\\ / ___'_ __ _ _(_)_ __  __ _ \ \ \ \
( ( )\___ | '_ | '_| | '_ \/ _` | \ \ \ \
 \\/  ___)| |_)| | | | | || (_| |  ) ) ) )
  '  |____| .__|_| |_|_| |_\__, | / / / /
 =========|_|==============|___/=/_/_/_/
[32m :: Spring Boot :: [39m              [2m (v3.2.3)[0;39m

[2m2026-03-10T00:25:35.734+05:30[0;39m [32m INFO[0;39m [35m34744[0;39m [2m---[0;39m [2m[  restartedMain][0;39m [2m[0;39m[36mc.example.hello.HelloWorldApplication   [0;39m [2m:[0;39m Starting HelloWorldApplication using Java 24 with PID 34744 (/Users/adarshkumarsharma/.gemini/antigravity/scratch/hello-world-app/backend/target/classes started by adarshkumarsharma in /Users/adarshkumarsharma/.gemini/antigravity/scratch/hello-world-app/backend)
[2m2026-03-10T00:25:35.734+05:30[0;39m [32m INFO[0;39m [35m34744[0;39m [2m---[0;39m [2m[  restartedMain][0;39m [2m[0;39m[36mc.example.hello.HelloWorldApplication   [0;39m [2m:[0;39m The following 1 profile is active: "dev"
[2m2026-03-10T00:25:35.934+05:30[0;39m [32m INFO[0;39m [35m34744[0;39m [2m---[0;39m [2m[  restartedMain][0;39m [2m[0;39m[36m.s.d.r.c.RepositoryConfigurationDelegate[0;39m [2m:[0;39m Bootstrapping Spring Data JPA repositories in DEFAULT mode.
[2m2026-03-10T00:25:35.950+05:30[0;39m [32m INFO[0;39m [35m34744[0;39m [2m---[0;39m [2m[  restartedMain][0;39m [2m[0;39m[36m.s.d.r.c.RepositoryConfigurationDelegate[0;39m [2m:[0;39m Finished Spring Data repository scanning in 15 ms. Found 1 JPA repository interface.
[2m2026-03-10T00:25:36.096+05:30[0;39m [32m INFO[0;39m [35m34744[0;39m [2m---[0;39m [2m[  restartedMain][0;39m [2m[0;39m[36mo.s.b.w.embedded.tomcat.TomcatWebServer [0;39m [2m:[0;39m Tomcat initialized with port 8080 (http)
[2m2026-03-10T00:25:36.098+05:30[0;39m [32m INFO[0;39m [35m34744[0;39m [2m---[0;39m [2m[  restartedMain][0;39m [2m[0;39m[36mo.apache.catalina.core.StandardService  [0;39m [2m:[0;39m Starting service [Tomcat]
[2m2026-03-10T00:25:36.098+05:30[0;39m [32m INFO[0;39m [35m34744[0;39m [2m---[0;39m [2m[  restartedMain][0;39m [2m[0;39m[36mo.apache.catalina.core.StandardEngine   [0;39m [2m:[0;39m Starting Servlet engine: [Apache Tomcat/10.1.19]
[2m2026-03-10T00:25:36.103+05:30[0;39m [32m INFO[0;39m [35m34744[0;39m [2m---[0;39m [2m[  restartedMain][0;39m [2m[0;39m[36mo.a.c.c.C.[Tomcat].[localhost].[/]      [0;39m [2m:[0;39m Initializing Spring embedded WebApplicationContext
[2m2026-03-10T00:25:36.103+05:30[0;39m [32m INFO[0;39m [35m34744[0;39m [2m---[0;39m [2m[  restartedMain][0;39m [2m[0;39m[36mw.s.c.ServletWebServerApplicationContext[0;39m [2m:[0;39m Root WebApplicationContext: initialization completed in 367 ms
[2m2026-03-10T00:25:36.128+05:30[0;39m [32m INFO[0;39m [35m34744[0;39m [2m---[0;39m [2m[  restartedMain][0;39m [2m[0;39m[36mcom.zaxxer.hikari.HikariDataSource      [0;39m [2m:[0;39m HikariPool-10 - Starting...
[2m2026-03-10T00:25:36.129+05:30[0;39m [32m INFO[0;39m [35m34744[0;39m [2m---[0;39m [2m[  restartedMain][0;39m [2m[0;39m[36mcom.zaxxer.hikari.pool.HikariPool       [0;39m [2m:[0;39m HikariPool-10 - Added connection conn120: url=jdbc:h2:mem:adarsh_awning user=SA
[2m2026-03-10T00:25:36.129+05:30[0;39m [32m INFO[0;39m [35m34744[0;39m [2m---[0;39m [2m[  restartedMain][0;39m [2m[0;39m[36mcom.zaxxer.hikari.HikariDataSource      [0;39m [2m:[0;39m HikariPool-10 - Start completed.
[2m2026-03-10T00:25:36.129+05:30[0;39m [32m INFO[0;39m [35m34744[0;39m [2m---[0;39m [2m[  restartedMain][0;39m [2m[0;39m[36mo.s.b.a.h2.H2ConsoleAutoConfiguration   [0;39m [2m:[0;39m H2 console available at '/h2-console'. Database available at 'jdbc:h2:mem:adarsh_awning'
[2m2026-03-10T00:25:36.173+05:30[0;39m [32m INFO[0;39m [35m34744[0;39m [2m---[0;39m [2m[  restartedMain][0;39m [2m[0;39m[36mo.hibernate.jpa.internal.util.LogHelper [0;39m [2m:[0;39m HHH000204: Processing PersistenceUnitInfo [name: default]
[2m2026-03-10T00:25:36.174+05:30[0;39m [32m INFO[0;39m [35m34744[0;39m [2m---[0;39m [2m[  restartedMain][0;39m [2m[0;39m[36mo.h.c.internal.RegionFactoryInitiator   [0;39m [2m:[0;39m HHH000026: Second-level cache disabled
[2m2026-03-10T00:25:36.176+05:30[0;39m [32m INFO[0;39m [35m34744[0;39m [2m---[0;39m [2m[  restartedMain][0;39m [2m[0;39m[36mo.s.o.j.p.SpringPersistenceUnitInfo     [0;39m [2m:[0;39m No LoadTimeWeaver setup: ignoring JPA class transformer
[2m2026-03-10T00:25:36.177+05:30[0;39m [33m WARN[0;39m [35m34744[0;39m [2m---[0;39m [2m[  restartedMain][0;39m [2m[0;39m[36morg.hibernate.orm.deprecation           [0;39m [2m:[0;39m HHH90000025: H2Dialect does not need to be specified explicitly using 'hibernate.dialect' (remove the property setting and it will be selected by default)
[2m2026-03-10T00:25:36.208+05:30[0;39m [31mERROR[0;39m [35m34744[0;39m [2m---[0;39m [2m[  restartedMain][0;39m [2m[0;39m[36mj.LocalContainerEntityManagerFactoryBean[0;39m [2m:[0;39m Failed to initialize JPA EntityManagerFactory: [PersistenceUnit: default] Unable to build Hibernate SessionFactory; nested exception is org.hibernate.InstantiationException: Could not instantiate entity 'com.example.hello.models.User' due to: null
[2m2026-03-10T00:25:36.208+05:30[0;39m [31mERROR[0;39m [35m34744[0;39m [2m---[0;39m [2m[  restartedMain][0;39m [2m[0;39m[36mo.s.b.web.embedded.tomcat.TomcatStarter [0;39m [2m:[0;39m Error starting Tomcat context. Exception: org.springframework.beans.factory.UnsatisfiedDependencyException. Message: Error creating bean with name 'securityConfig': Unsatisfied dependency expressed through field 'userDetailsService': Error creating bean with name 'userDetailsServiceImpl': Unsatisfied dependency expressed through field 'userRepository': Error creating bean with name 'userRepository' defined in com.example.hello.repositories.UserRepository defined in @EnableJpaRepositories declared on JpaRepositoriesRegistrar.EnableJpaRepositoriesConfiguration: Cannot resolve reference to bean 'jpaSharedEM_entityManagerFactory' while setting bean property 'entityManager'
[2m2026-03-10T00:25:36.209+05:30[0;39m [32m INFO[0;39m [35m34744[0;39m [2m---[0;39m [2m[  restartedMain][0;39m [2m[0;39m[36mo.apache.catalina.core.StandardService  [0;39m [2m:[0;39m Stopping service [Tomcat]
[2m2026-03-10T00:25:36.209+05:30[0;39m [33m WARN[0;39m [35m34744[0;39m [2m---[0;39m [2m[  restartedMain][0;39m [2m[0;39m[36mConfigServletWebServerApplicationContext[0;39m [2m:[0;39m Exception encountered during context initialization - cancelling refresh attempt: org.springframework.context.ApplicationContextException: Unable to start web server
[2m2026-03-10T00:25:36.210+05:30[0;39m [33m WARN[0;39m [35m34744[0;39m [2m---[0;39m [2m[  restartedMain][0;39m [2m[0;39m[36mo.s.b.f.support.DisposableBeanAdapter   [0;39m [2m:[0;39m Invocation of destroy method failed on bean with name 'inMemoryDatabaseShutdownExecutor': org.h2.jdbc.JdbcSQLNonTransientConnectionException: Database is already closed (to disable automatic closing at VM shutdown, add ";DB_CLOSE_ON_EXIT=FALSE" to the db URL) [90121-224]
[2m2026-03-10T00:25:36.210+05:30[0;39m [32m INFO[0;39m [35m34744[0;39m [2m---[0;39m [2m[  restartedMain][0;39m [2m[0;39m[36mcom.zaxxer.hikari.HikariDataSource      [0;39m [2m:[0;39m HikariPool-10 - Shutdown initiated...
[2m2026-03-10T00:25:36.210+05:30[0;39m [32m INFO[0;39m [35m34744[0;39m [2m---[0;39m [2m[  restartedMain][0;39m [2m[0;39m[36mcom.zaxxer.hikari.HikariDataSource      [0;39m [2m:[0;39m HikariPool-10 - Shutdown completed.
[2m2026-03-10T00:25:36.212+05:30[0;39m [32m INFO[0;39m [35m34744[0;39m [2m---[0;39m [2m[  restartedMain][0;39m [2m[0;39m[36m.s.b.a.l.ConditionEvaluationReportLogger[0;39m [2m:[0;39m 

Error starting ApplicationContext. To display the condition evaluation report re-run your application with 'debug' enabled.
[2m2026-03-10T00:25:36.222+05:30[0;39m [31mERROR[0;39m [35m34744[0;39m [2m---[0;39m [2m[  restartedMain][0;39m [2m[0;39m[36mo.s.boot.SpringApplication              [0;39m [2m:[0;39m Application run failed

org.springframework.context.ApplicationContextException: Unable to start web server
	at org.springframework.boot.web.servlet.context.ServletWebServerApplicationContext.onRefresh(ServletWebServerApplicationContext.java:165) ~[spring-boot-3.2.3.jar:3.2.3]
	at org.springframework.context.support.AbstractApplicationContext.refresh(AbstractApplicationContext.java:618) ~[spring-context-6.1.4.jar:6.1.4]
	at org.springframework.boot.web.servlet.context.ServletWebServerApplicationContext.refresh(ServletWebServerApplicationContext.java:146) ~[spring-boot-3.2.3.jar:3.2.3]
	at org.springframework.boot.SpringApplication.refresh(SpringApplication.java:754) ~[spring-boot-3.2.3.jar:3.2.3]
	at org.springframework.boot.SpringApplication.refreshContext(SpringApplication.java:456) ~[spring-boot-3.2.3.jar:3.2.3]
	at org.springframework.boot.SpringApplication.run(SpringApplication.java:334) ~[spring-boot-3.2.3.jar:3.2.3]
	at org.springframework.boot.SpringApplication.run(SpringApplication.java:1354) ~[spring-boot-3.2.3.jar:3.2.3]
	at org.springframework.boot.SpringApplication.run(SpringApplication.java:1343) ~[spring-boot-3.2.3.jar:3.2.3]
	at com.example.hello.HelloWorldApplication.main(HelloWorldApplication.java:13) ~[classes/:na]
	at java.base/jdk.internal.reflect.DirectMethodHandleAccessor.invoke(DirectMethodHandleAccessor.java:104) ~[na:na]
	at java.base/java.lang.reflect.Method.invoke(Method.java:565) ~[na:na]
	at org.springframework.boot.devtools.restart.RestartLauncher.run(RestartLauncher.java:50) ~[spring-boot-devtools-3.2.3.jar:3.2.3]
Caused by: org.springframework.boot.web.server.WebServerException: Unable to start embedded Tomcat
	at org.springframework.boot.web.embedded.tomcat.TomcatWebServer.initialize(TomcatWebServer.java:145) ~[spring-boot-3.2.3.jar:3.2.3]
	at org.springframework.boot.web.embedded.tomcat.TomcatWebServer.<init>(TomcatWebServer.java:105) ~[spring-boot-3.2.3.jar:3.2.3]
	at org.springframework.boot.web.embedded.tomcat.TomcatServletWebServerFactory.getTomcatWebServer(TomcatServletWebServerFactory.java:499) ~[spring-boot-3.2.3.jar:3.2.3]
	at org.springframework.boot.web.embedded.tomcat.TomcatServletWebServerFactory.getWebServer(TomcatServletWebServerFactory.java:218) ~[spring-boot-3.2.3.jar:3.2.3]
	at org.springframework.boot.web.servlet.context.ServletWebServerApplicationContext.createWebServer(ServletWebServerApplicationContext.java:188) ~[spring-boot-3.2.3.jar:3.2.3]
	at org.springframework.boot.web.servlet.context.ServletWebServerApplicationContext.onRefresh(ServletWebServerApplicationContext.java:162) ~[spring-boot-3.2.3.jar:3.2.3]
	... 11 common frames omitted
Caused by: org.springframework.beans.factory.UnsatisfiedDependencyException: Error creating bean with name 'securityConfig': Unsatisfied dependency expressed through field 'userDetailsService': Error creating bean with name 'userDetailsServiceImpl': Unsatisfied dependency expressed through field 'userRepository': Error creating bean with name 'userRepository' defined in com.example.hello.repositories.UserRepository defined in @EnableJpaRepositories declared on JpaRepositoriesRegistrar.EnableJpaRepositoriesConfiguration: Cannot resolve reference to bean 'jpaSharedEM_entityManagerFactory' while setting bean property 'entityManager'
	at org.springframework.beans.factory.annotation.AutowiredAnnotationBeanPostProcessor$AutowiredFieldElement.resolveFieldValue(AutowiredAnnotationBeanPostProcessor.java:787) ~[spring-beans-6.1.4.jar:6.1.4]
	at org.springframework.beans.factory.annotation.AutowiredAnnotationBeanPostProcessor$AutowiredFieldElement.inject(AutowiredAnnotationBeanPostProcessor.java:767) ~[spring-beans-6.1.4.jar:6.1.4]
	at org.springframework.beans.factory.annotation.InjectionMetadata.inject(InjectionMetadata.java:145) ~[spring-beans-6.1.4.jar:6.1.4]
	at org.springframework.beans.factory.annotation.AutowiredAnnotationBeanPostProcessor.postProcessProperties(AutowiredAnnotationBeanPostProcessor.java:508) ~[spring-beans-6.1.4.jar:6.1.4]
	at org.springframework.beans.factory.support.AbstractAutowireCapableBeanFactory.populateBean(AbstractAutowireCapableBeanFactory.java:1419) ~[spring-beans-6.1.4.jar:6.1.4]
	at org.springframework.beans.factory.support.AbstractAutowireCapableBeanFactory.doCreateBean(AbstractAutowireCapableBeanFactory.java:599) ~[spring-beans-6.1.4.jar:6.1.4]
	at org.springframework.beans.factory.support.AbstractAutowireCapableBeanFactory.createBean(AbstractAutowireCapableBeanFactory.java:522) ~[spring-beans-6.1.4.jar:6.1.4]
	at org.springframework.beans.factory.support.AbstractBeanFactory.lambda$doGetBean$0(AbstractBeanFactory.java:325) ~[spring-beans-6.1.4.jar:6.1.4]
	at org.springframework.beans.factory.support.DefaultSingletonBeanRegistry.getSingleton(DefaultSingletonBeanRegistry.java:234) ~[spring-beans-6.1.4.jar:6.1.4]
	at org.springframework.beans.factory.support.AbstractBeanFactory.doGetBean(AbstractBeanFactory.java:323) ~[spring-beans-6.1.4.jar:6.1.4]
	at org.springframework.beans.factory.support.AbstractBeanFactory.getBean(AbstractBeanFactory.java:199) ~[spring-beans-6.1.4.jar:6.1.4]
	at org.springframework.beans.factory.support.ConstructorResolver.instantiateUsingFactoryMethod(ConstructorResolver.java:409) ~[spring-beans-6.1.4.jar:6.1.4]
	at org.springframework.beans.factory.support.AbstractAutowireCapableBeanFactory.instantiateUsingFactoryMethod(AbstractAutowireCapableBeanFactory.java:1335) ~[spring-beans-6.1.4.jar:6.1.4]
	at org.springframework.beans.factory.support.AbstractAutowireCapableBeanFactory.createBeanInstance(AbstractAutowireCapableBeanFactory.java:1165) ~[spring-beans-6.1.4.jar:6.1.4]
	at org.springframework.beans.factory.support.AbstractAutowireCapableBeanFactory.doCreateBean(AbstractAutowireCapableBeanFactory.java:562) ~[spring-beans-6.1.4.jar:6.1.4]
	at org.springframework.beans.factory.support.AbstractAutowireCapableBeanFactory.createBean(AbstractAutowireCapableBeanFactory.java:522) ~[spring-beans-6.1.4.jar:6.1.4]
	at org.springframework.beans.factory.support.AbstractBeanFactory.lambda$doGetBean$0(AbstractBeanFactory.java:325) ~[spring-beans-6.1.4.jar:6.1.4]
	at org.springframework.beans.factory.support.DefaultSingletonBeanRegistry.getSingleton(DefaultSingletonBeanRegistry.java:234) ~[spring-beans-6.1.4.jar:6.1.4]
	at org.springframework.beans.factory.support.AbstractBeanFactory.doGetBean(AbstractBeanFactory.java:323) ~[spring-beans-6.1.4.jar:6.1.4]
	at org.springframework.beans.factory.support.AbstractBeanFactory.getBean(AbstractBeanFactory.java:204) ~[spring-beans-6.1.4.jar:6.1.4]
	at org.springframework.boot.web.servlet.ServletContextInitializerBeans.getOrderedBeansOfType(ServletContextInitializerBeans.java:210) ~[spring-boot-3.2.3.jar:3.2.3]
	at org.springframework.boot.web.servlet.ServletContextInitializerBeans.addAsRegistrationBean(ServletContextInitializerBeans.java:173) ~[spring-boot-3.2.3.jar:3.2.3]
	at org.springframework.boot.web.servlet.ServletContextInitializerBeans.addAsRegistrationBean(ServletContextInitializerBeans.java:168) ~[spring-boot-3.2.3.jar:3.2.3]
	at org.springframework.boot.web.servlet.ServletContextInitializerBeans.addAdaptableBeans(ServletContextInitializerBeans.java:153) ~[spring-boot-3.2.3.jar:3.2.3]
	at org.springframework.boot.web.servlet.ServletContextInitializerBeans.<init>(ServletContextInitializerBeans.java:86) ~[spring-boot-3.2.3.jar:3.2.3]
	at org.springframework.boot.web.servlet.context.ServletWebServerApplicationContext.getServletContextInitializerBeans(ServletWebServerApplicationContext.java:266) ~[spring-boot-3.2.3.jar:3.2.3]
	at org.springframework.boot.web.servlet.context.ServletWebServerApplicationContext.selfInitialize(ServletWebServerApplicationContext.java:240) ~[spring-boot-3.2.3.jar:3.2.3]
	at org.springframework.boot.web.embedded.tomcat.TomcatStarter.onStartup(TomcatStarter.java:52) ~[spring-boot-3.2.3.jar:3.2.3]
	at org.apache.catalina.core.StandardContext.startInternal(StandardContext.java:4866) ~[tomcat-embed-core-10.1.19.jar:10.1.19]
	at org.apache.catalina.util.LifecycleBase.start(LifecycleBase.java:171) ~[tomcat-embed-core-10.1.19.jar:10.1.19]
	at org.apache.catalina.core.ContainerBase$StartChild.call(ContainerBase.java:1332) ~[tomcat-embed-core-10.1.19.jar:10.1.19]
	at org.apache.catalina.core.ContainerBase$StartChild.call(ContainerBase.java:1322) ~[tomcat-embed-core-10.1.19.jar:10.1.19]
	at java.base/java.util.concurrent.FutureTask.run(FutureTask.java:328) ~[na:na]
	at org.apache.tomcat.util.threads.InlineExecutorService.execute(InlineExecutorService.java:75) ~[tomcat-embed-core-10.1.19.jar:10.1.19]
	at java.base/java.util.concurrent.AbstractExecutorService.submit(AbstractExecutorService.java:148) ~[na:na]
	at org.apache.catalina.core.ContainerBase.startInternal(ContainerBase.java:866) ~[tomcat-embed-core-10.1.19.jar:10.1.19]
	at org.apache.catalina.core.StandardHost.startInternal(StandardHost.java:845) ~[tomcat-embed-core-10.1.19.jar:10.1.19]
	at org.apache.catalina.util.LifecycleBase.start(LifecycleBase.java:171) ~[tomcat-embed-core-10.1.19.jar:10.1.19]
	at org.apache.catalina.core.ContainerBase$StartChild.call(ContainerBase.java:1332) ~[tomcat-embed-core-10.1.19.jar:10.1.19]
	at org.apache.catalina.core.ContainerBase$StartChild.call(ContainerBase.java:1322) ~[tomcat-embed-core-10.1.19.jar:10.1.19]
	at java.base/java.util.concurrent.FutureTask.run(FutureTask.java:328) ~[na:na]
	at org.apache.tomcat.util.threads.InlineExecutorService.execute(InlineExecutorService.java:75) ~[tomcat-embed-core-10.1.19.jar:10.1.19]
	at java.base/java.util.concurrent.AbstractExecutorService.submit(AbstractExecutorService.java:148) ~[na:na]
	at org.apache.catalina.core.ContainerBase.startInternal(ContainerBase.java:866) ~[tomcat-embed-core-10.1.19.jar:10.1.19]
	at org.apache.catalina.core.StandardEngine.startInternal(StandardEngine.java:240) ~[tomcat-embed-core-10.1.19.jar:10.1.19]
	at org.apache.catalina.util.LifecycleBase.start(LifecycleBase.java:171) ~[tomcat-embed-core-10.1.19.jar:10.1.19]
	at org.apache.catalina.core.StandardService.startInternal(StandardService.java:433) ~[tomcat-embed-core-10.1.19.jar:10.1.19]
	at org.apache.catalina.util.LifecycleBase.start(LifecycleBase.java:171) ~[tomcat-embed-core-10.1.19.jar:10.1.19]
	at org.apache.catalina.core.StandardServer.startInternal(StandardServer.java:921) ~[tomcat-embed-core-10.1.19.jar:10.1.19]
	at org.apache.catalina.util.LifecycleBase.start(LifecycleBase.java:171) ~[tomcat-embed-core-10.1.19.jar:10.1.19]
	at org.apache.catalina.startup.Tomcat.start(Tomcat.java:437) ~[tomcat-embed-core-10.1.19.jar:10.1.19]
	at org.springframework.boot.web.embedded.tomcat.TomcatWebServer.initialize(TomcatWebServer.java:126) ~[spring-boot-3.2.3.jar:3.2.3]
	... 16 common frames omitted
Caused by: org.springframework.beans.factory.UnsatisfiedDependencyException: Error creating bean with name 'userDetailsServiceImpl': Unsatisfied dependency expressed through field 'userRepository': Error creating bean with name 'userRepository' defined in com.example.hello.repositories.UserRepository defined in @EnableJpaRepositories declared on JpaRepositoriesRegistrar.EnableJpaRepositoriesConfiguration: Cannot resolve reference to bean 'jpaSharedEM_entityManagerFactory' while setting bean property 'entityManager'
	at org.springframework.beans.factory.annotation.AutowiredAnnotationBeanPostProcessor$AutowiredFieldElement.resolveFieldValue(AutowiredAnnotationBeanPostProcessor.java:787) ~[spring-beans-6.1.4.jar:6.1.4]
	at org.springframework.beans.factory.annotation.AutowiredAnnotationBeanPostProcessor$AutowiredFieldElement.inject(AutowiredAnnotationBeanPostProcessor.java:767) ~[spring-beans-6.1.4.jar:6.1.4]
	at org.springframework.beans.factory.annotation.InjectionMetadata.inject(InjectionMetadata.java:145) ~[spring-beans-6.1.4.jar:6.1.4]
	at org.springframework.beans.factory.annotation.AutowiredAnnotationBeanPostProcessor.postProcessProperties(AutowiredAnnotationBeanPostProcessor.java:508) ~[spring-beans-6.1.4.jar:6.1.4]
	at org.springframework.beans.factory.support.AbstractAutowireCapableBeanFactory.populateBean(AbstractAutowireCapableBeanFactory.java:1419) ~[spring-beans-6.1.4.jar:6.1.4]
	at org.springframework.beans.factory.support.AbstractAutowireCapableBeanFactory.doCreateBean(AbstractAutowireCapableBeanFactory.java:599) ~[spring-beans-6.1.4.jar:6.1.4]
	at org.springframework.beans.factory.support.AbstractAutowireCapableBeanFactory.createBean(AbstractAutowireCapableBeanFactory.java:522) ~[spring-beans-6.1.4.jar:6.1.4]
	at org.springframework.beans.factory.support.AbstractBeanFactory.lambda$doGetBean$0(AbstractBeanFactory.java:325) ~[spring-beans-6.1.4.jar:6.1.4]
	at org.springframework.beans.factory.support.DefaultSingletonBeanRegistry.getSingleton(DefaultSingletonBeanRegistry.java:234) ~[spring-beans-6.1.4.jar:6.1.4]
	at org.springframework.beans.factory.support.AbstractBeanFactory.doGetBean(AbstractBeanFactory.java:323) ~[spring-beans-6.1.4.jar:6.1.4]
	at org.springframework.beans.factory.support.AbstractBeanFactory.getBean(AbstractBeanFactory.java:199) ~[spring-beans-6.1.4.jar:6.1.4]
	at org.springframework.beans.factory.config.DependencyDescriptor.resolveCandidate(DependencyDescriptor.java:254) ~[spring-beans-6.1.4.jar:6.1.4]
	at org.springframework.beans.factory.support.DefaultListableBeanFactory.doResolveDependency(DefaultListableBeanFactory.java:1443) ~[spring-beans-6.1.4.jar:6.1.4]
	at org.springframework.beans.factory.support.DefaultListableBeanFactory.resolveDependency(DefaultListableBeanFactory.java:1353) ~[spring-beans-6.1.4.jar:6.1.4]
	at org.springframework.beans.factory.annotation.AutowiredAnnotationBeanPostProcessor$AutowiredFieldElement.resolveFieldValue(AutowiredAnnotationBeanPostProcessor.java:784) ~[spring-beans-6.1.4.jar:6.1.4]
	... 67 common frames omitted
Caused by: org.springframework.beans.factory.BeanCreationException: Error creating bean with name 'userRepository' defined in com.example.hello.repositories.UserRepository defined in @EnableJpaRepositories declared on JpaRepositoriesRegistrar.EnableJpaRepositoriesConfiguration: Cannot resolve reference to bean 'jpaSharedEM_entityManagerFactory' while setting bean property 'entityManager'
	at org.springframework.beans.factory.support.BeanDefinitionValueResolver.resolveReference(BeanDefinitionValueResolver.java:377) ~[spring-beans-6.1.4.jar:6.1.4]
	at org.springframework.beans.factory.support.BeanDefinitionValueResolver.resolveValueIfNecessary(BeanDefinitionValueResolver.java:135) ~[spring-beans-6.1.4.jar:6.1.4]
	at org.springframework.beans.factory.support.AbstractAutowireCapableBeanFactory.applyPropertyValues(AbstractAutowireCapableBeanFactory.java:1685) ~[spring-beans-6.1.4.jar:6.1.4]
	at org.springframework.beans.factory.support.AbstractAutowireCapableBeanFactory.populateBean(AbstractAutowireCapableBeanFactory.java:1434) ~[spring-beans-6.1.4.jar:6.1.4]
	at org.springframework.beans.factory.support.AbstractAutowireCapableBeanFactory.doCreateBean(AbstractAutowireCapableBeanFactory.java:599) ~[spring-beans-6.1.4.jar:6.1.4]
	at org.springframework.beans.factory.support.AbstractAutowireCapableBeanFactory.createBean(AbstractAutowireCapableBeanFactory.java:522) ~[spring-beans-6.1.4.jar:6.1.4]
	at org.springframework.beans.factory.support.AbstractBeanFactory.lambda$doGetBean$0(AbstractBeanFactory.java:325) ~[spring-beans-6.1.4.jar:6.1.4]
	at org.springframework.beans.factory.support.DefaultSingletonBeanRegistry.getSingleton(DefaultSingletonBeanRegistry.java:234) ~[spring-beans-6.1.4.jar:6.1.4]
	at org.springframework.beans.factory.support.AbstractBeanFactory.doGetBean(AbstractBeanFactory.java:323) ~[spring-beans-6.1.4.jar:6.1.4]
	at org.springframework.beans.factory.support.AbstractBeanFactory.getBean(AbstractBeanFactory.java:199) ~[spring-beans-6.1.4.jar:6.1.4]
	at org.springframework.beans.factory.config.DependencyDescriptor.resolveCandidate(DependencyDescriptor.java:254) ~[spring-beans-6.1.4.jar:6.1.4]
	at org.springframework.beans.factory.support.DefaultListableBeanFactory.doResolveDependency(DefaultListableBeanFactory.java:1443) ~[spring-beans-6.1.4.jar:6.1.4]
	at org.springframework.beans.factory.support.DefaultListableBeanFactory.resolveDependency(DefaultListableBeanFactory.java:1353) ~[spring-beans-6.1.4.jar:6.1.4]
	at org.springframework.beans.factory.annotation.AutowiredAnnotationBeanPostProcessor$AutowiredFieldElement.resolveFieldValue(AutowiredAnnotationBeanPostProcessor.java:784) ~[spring-beans-6.1.4.jar:6.1.4]
	... 81 common frames omitted
Caused by: org.springframework.beans.factory.BeanCreationException: Error creating bean with name 'jpaSharedEM_entityManagerFactory': Cannot resolve reference to bean 'entityManagerFactory' while setting constructor argument
	at org.springframework.beans.factory.support.BeanDefinitionValueResolver.resolveReference(BeanDefinitionValueResolver.java:377) ~[spring-beans-6.1.4.jar:6.1.4]
	at org.springframework.beans.factory.support.BeanDefinitionValueResolver.resolveValueIfNecessary(BeanDefinitionValueResolver.java:135) ~[spring-beans-6.1.4.jar:6.1.4]
	at org.springframework.beans.factory.support.ConstructorResolver.resolveConstructorArguments(ConstructorResolver.java:685) ~[spring-beans-6.1.4.jar:6.1.4]
	at org.springframework.beans.factory.support.ConstructorResolver.instantiateUsingFactoryMethod(ConstructorResolver.java:509) ~[spring-beans-6.1.4.jar:6.1.4]
	at org.springframework.beans.factory.support.AbstractAutowireCapableBeanFactory.instantiateUsingFactoryMethod(AbstractAutowireCapableBeanFactory.java:1335) ~[spring-beans-6.1.4.jar:6.1.4]
	at org.springframework.beans.factory.support.AbstractAutowireCapableBeanFactory.createBeanInstance(AbstractAutowireCapableBeanFactory.java:1165) ~[spring-beans-6.1.4.jar:6.1.4]
	at org.springframework.beans.factory.support.AbstractAutowireCapableBeanFactory.doCreateBean(AbstractAutowireCapableBeanFactory.java:562) ~[spring-beans-6.1.4.jar:6.1.4]
	at org.springframework.beans.factory.support.AbstractAutowireCapableBeanFactory.createBean(AbstractAutowireCapableBeanFactory.java:522) ~[spring-beans-6.1.4.jar:6.1.4]
	at org.springframework.beans.factory.support.AbstractBeanFactory.lambda$doGetBean$0(AbstractBeanFactory.java:325) ~[spring-beans-6.1.4.jar:6.1.4]
	at org.springframework.beans.factory.support.DefaultSingletonBeanRegistry.getSingleton(DefaultSingletonBeanRegistry.java:234) ~[spring-beans-6.1.4.jar:6.1.4]
	at org.springframework.beans.factory.support.AbstractBeanFactory.doGetBean(AbstractBeanFactory.java:323) ~[spring-beans-6.1.4.jar:6.1.4]
	at org.springframework.beans.factory.support.AbstractBeanFactory.getBean(AbstractBeanFactory.java:199) ~[spring-beans-6.1.4.jar:6.1.4]
	at org.springframework.beans.factory.support.BeanDefinitionValueResolver.resolveReference(BeanDefinitionValueResolver.java:365) ~[spring-beans-6.1.4.jar:6.1.4]
	... 94 common frames omitted
Caused by: org.springframework.beans.factory.BeanCreationException: Error creating bean with name 'entityManagerFactory' defined in class path resource [org/springframework/boot/autoconfigure/orm/jpa/HibernateJpaConfiguration.class]: [PersistenceUnit: default] Unable to build Hibernate SessionFactory; nested exception is org.hibernate.InstantiationException: Could not instantiate entity 'com.example.hello.models.User' due to: null
	at org.springframework.beans.factory.support.AbstractAutowireCapableBeanFactory.initializeBean(AbstractAutowireCapableBeanFactory.java:1786) ~[spring-beans-6.1.4.jar:6.1.4]
	at org.springframework.beans.factory.support.AbstractAutowireCapableBeanFactory.doCreateBean(AbstractAutowireCapableBeanFactory.java:600) ~[spring-beans-6.1.4.jar:6.1.4]
	at org.springframework.beans.factory.support.AbstractAutowireCapableBeanFactory.createBean(AbstractAutowireCapableBeanFactory.java:522) ~[spring-beans-6.1.4.jar:6.1.4]
	at org.springframework.beans.factory.support.AbstractBeanFactory.lambda$doGetBean$0(AbstractBeanFactory.java:325) ~[spring-beans-6.1.4.jar:6.1.4]
	at org.springframework.beans.factory.support.DefaultSingletonBeanRegistry.getSingleton(DefaultSingletonBeanRegistry.java:234) ~[spring-beans-6.1.4.jar:6.1.4]
	at org.springframework.beans.factory.support.AbstractBeanFactory.doGetBean(AbstractBeanFactory.java:323) ~[spring-beans-6.1.4.jar:6.1.4]
	at org.springframework.beans.factory.support.AbstractBeanFactory.getBean(AbstractBeanFactory.java:199) ~[spring-beans-6.1.4.jar:6.1.4]
	at org.springframework.beans.factory.support.BeanDefinitionValueResolver.resolveReference(BeanDefinitionValueResolver.java:365) ~[spring-beans-6.1.4.jar:6.1.4]
	... 106 common frames omitted
Caused by: jakarta.persistence.PersistenceException: [PersistenceUnit: default] Unable to build Hibernate SessionFactory; nested exception is org.hibernate.InstantiationException: Could not instantiate entity 'com.example.hello.models.User' due to: null
	at org.springframework.orm.jpa.AbstractEntityManagerFactoryBean.buildNativeEntityManagerFactory(AbstractEntityManagerFactoryBean.java:421) ~[spring-orm-6.1.4.jar:6.1.4]
	at org.springframework.orm.jpa.AbstractEntityManagerFactoryBean.afterPropertiesSet(AbstractEntityManagerFactoryBean.java:396) ~[spring-orm-6.1.4.jar:6.1.4]
	at org.springframework.orm.jpa.LocalContainerEntityManagerFactoryBean.afterPropertiesSet(LocalContainerEntityManagerFactoryBean.java:364) ~[spring-orm-6.1.4.jar:6.1.4]
	at org.springframework.beans.factory.support.AbstractAutowireCapableBeanFactory.invokeInitMethods(AbstractAutowireCapableBeanFactory.java:1833) ~[spring-beans-6.1.4.jar:6.1.4]
	at org.springframework.beans.factory.support.AbstractAutowireCapableBeanFactory.initializeBean(AbstractAutowireCapableBeanFactory.java:1782) ~[spring-beans-6.1.4.jar:6.1.4]
	... 113 common frames omitted
Caused by: org.hibernate.InstantiationException: Could not instantiate entity 'com.example.hello.models.User' due to: null
	at org.hibernate.metamodel.internal.EntityInstantiatorPojoStandard.instantiate(EntityInstantiatorPojoStandard.java:100) ~[hibernate-core-6.4.4.Final.jar:6.4.4.Final]
	at org.hibernate.persister.entity.AbstractEntityPersister.lambda$prepareMappingModel$15(AbstractEntityPersister.java:5131) ~[hibernate-core-6.4.4.Final.jar:6.4.4.Final]
	at org.hibernate.internal.util.LazyValue.getValue(LazyValue.java:30) ~[hibernate-core-6.4.4.Final.jar:6.4.4.Final]
	at org.hibernate.engine.internal.UnsavedValueFactory.getUnsavedIdentifierValue(UnsavedValueFactory.java:45) ~[hibernate-core-6.4.4.Final.jar:6.4.4.Final]
	at org.hibernate.metamodel.mapping.internal.BasicEntityIdentifierMappingImpl.<init>(BasicEntityIdentifierMappingImpl.java:119) ~[hibernate-core-6.4.4.Final.jar:6.4.4.Final]
	at org.hibernate.persister.entity.AbstractEntityPersister.generateIdentifierMapping(AbstractEntityPersister.java:5497) ~[hibernate-core-6.4.4.Final.jar:6.4.4.Final]
	at org.hibernate.persister.entity.AbstractEntityPersister.lambda$prepareMappingModel$16(AbstractEntityPersister.java:5136) ~[hibernate-core-6.4.4.Final.jar:6.4.4.Final]
	at org.hibernate.metamodel.mapping.internal.MappingModelCreationProcess.processSubPart(MappingModelCreationProcess.java:163) ~[hibernate-core-6.4.4.Final.jar:6.4.4.Final]
	at org.hibernate.persister.entity.AbstractEntityPersister.prepareMappingModel(AbstractEntityPersister.java:5134) ~[hibernate-core-6.4.4.Final.jar:6.4.4.Final]
	at org.hibernate.persister.entity.AbstractEntityPersister.prepareMappingModel(AbstractEntityPersister.java:4974) ~[hibernate-core-6.4.4.Final.jar:6.4.4.Final]
	at org.hibernate.metamodel.mapping.internal.MappingModelCreationProcess.execute(MappingModelCreationProcess.java:84) ~[hibernate-core-6.4.4.Final.jar:6.4.4.Final]
	at org.hibernate.metamodel.mapping.internal.MappingModelCreationProcess.process(MappingModelCreationProcess.java:42) ~[hibernate-core-6.4.4.Final.jar:6.4.4.Final]
	at org.hibernate.metamodel.model.domain.internal.MappingMetamodelImpl.finishInitialization(MappingMetamodelImpl.java:198) ~[hibernate-core-6.4.4.Final.jar:6.4.4.Final]
	at org.hibernate.internal.SessionFactoryImpl.initializeMappingModel(SessionFactoryImpl.java:364) ~[hibernate-core-6.4.4.Final.jar:6.4.4.Final]
	at org.hibernate.internal.SessionFactoryImpl.<init>(SessionFactoryImpl.java:293) ~[hibernate-core-6.4.4.Final.jar:6.4.4.Final]
	at org.hibernate.boot.internal.SessionFactoryBuilderImpl.build(SessionFactoryBuilderImpl.java:450) ~[hibernate-core-6.4.4.Final.jar:6.4.4.Final]
	at org.hibernate.jpa.boot.internal.EntityManagerFactoryBuilderImpl.build(EntityManagerFactoryBuilderImpl.java:1507) ~[hibernate-core-6.4.4.Final.jar:6.4.4.Final]
	at org.springframework.orm.jpa.vendor.SpringHibernateJpaPersistenceProvider.createContainerEntityManagerFactory(SpringHibernateJpaPersistenceProvider.java:75) ~[spring-orm-6.1.4.jar:6.1.4]
	at org.springframework.orm.jpa.LocalContainerEntityManagerFactoryBean.createNativeEntityManagerFactory(LocalContainerEntityManagerFactoryBean.java:388) ~[spring-orm-6.1.4.jar:6.1.4]
	at org.springframework.orm.jpa.AbstractEntityManagerFactoryBean.buildNativeEntityManagerFactory(AbstractEntityManagerFactoryBean.java:409) ~[spring-orm-6.1.4.jar:6.1.4]
	... 117 common frames omitted
Caused by: java.lang.reflect.InvocationTargetException: null
	at java.base/jdk.internal.reflect.DirectConstructorHandleAccessor.newInstance(DirectConstructorHandleAccessor.java:74) ~[na:na]
	at java.base/java.lang.reflect.Constructor.newInstanceWithCaller(Constructor.java:499) ~[na:na]
	at java.base/java.lang.reflect.Constructor.newInstance(Constructor.java:483) ~[na:na]
	at org.hibernate.metamodel.internal.EntityInstantiatorPojoStandard.instantiate(EntityInstantiatorPojoStandard.java:97) ~[hibernate-core-6.4.4.Final.jar:6.4.4.Final]
	... 136 common frames omitted
Caused by: java.lang.Error: Unresolved compilation problem: 
	The public type User must be defined in its own file

	at com.example.hello.models.User.<init>(AwningUser.java:8) ~[classes/:na]
	at java.base/jdk.internal.reflect.DirectConstructorHandleAccessor.newInstance(DirectConstructorHandleAccessor.java:62) ~[na:na]
	... 139 common frames omitted


  .   ____          _            __ _ _
 /\\ / ___'_ __ _ _(_)_ __  __ _ \ \ \ \
( ( )\___ | '_ | '_| | '_ \/ _` | \ \ \ \
 \\/  ___)| |_)| | | | | || (_| |  ) ) ) )
  '  |____| .__|_| |_|_| |_\__, | / / / /
 =========|_|==============|___/=/_/_/_/
[32m :: Spring Boot :: [39m              [2m (v3.2.3)[0;39m

[2m2026-03-10T00:25:40.102+05:30[0;39m [32m INFO[0;39m [35m34744[0;39m [2m---[0;39m [2m[  restartedMain][0;39m [2m[0;39m[36mc.example.hello.HelloWorldApplication   [0;39m [2m:[0;39m Starting HelloWorldApplication using Java 24 with PID 34744 (/Users/adarshkumarsharma/.gemini/antigravity/scratch/hello-world-app/backend/target/classes started by adarshkumarsharma in /Users/adarshkumarsharma/.gemini/antigravity/scratch/hello-world-app/backend)
[2m2026-03-10T00:25:40.102+05:30[0;39m [32m INFO[0;39m [35m34744[0;39m [2m---[0;39m [2m[  restartedMain][0;39m [2m[0;39m[36mc.example.hello.HelloWorldApplication   [0;39m [2m:[0;39m The following 1 profile is active: "dev"
[2m2026-03-10T00:25:40.177+05:30[0;39m [32m INFO[0;39m [35m34744[0;39m [2m---[0;39m [2m[  restartedMain][0;39m [2m[0;39m[36m.s.d.r.c.RepositoryConfigurationDelegate[0;39m [2m:[0;39m Bootstrapping Spring Data JPA repositories in DEFAULT mode.
[2m2026-03-10T00:25:40.180+05:30[0;39m [32m INFO[0;39m [35m34744[0;39m [2m---[0;39m [2m[  restartedMain][0;39m [2m[0;39m[36m.s.d.r.c.RepositoryConfigurationDelegate[0;39m [2m:[0;39m Finished Spring Data repository scanning in 3 ms. Found 1 JPA repository interface.
[2m2026-03-10T00:25:40.259+05:30[0;39m [32m INFO[0;39m [35m34744[0;39m [2m---[0;39m [2m[  restartedMain][0;39m [2m[0;39m[36mo.s.b.w.embedded.tomcat.TomcatWebServer [0;39m [2m:[0;39m Tomcat initialized with port 8080 (http)
[2m2026-03-10T00:25:40.260+05:30[0;39m [32m INFO[0;39m [35m34744[0;39m [2m---[0;39m [2m[  restartedMain][0;39m [2m[0;39m[36mo.apache.catalina.core.StandardService  [0;39m [2m:[0;39m Starting service [Tomcat]
[2m2026-03-10T00:25:40.260+05:30[0;39m [32m INFO[0;39m [35m34744[0;39m [2m---[0;39m [2m[  restartedMain][0;39m [2m[0;39m[36mo.apache.catalina.core.StandardEngine   [0;39m [2m:[0;39m Starting Servlet engine: [Apache Tomcat/10.1.19]
[2m2026-03-10T00:25:40.265+05:30[0;39m [32m INFO[0;39m [35m34744[0;39m [2m---[0;39m [2m[  restartedMain][0;39m [2m[0;39m[36mo.a.c.c.C.[Tomcat-1].[localhost].[/]    [0;39m [2m:[0;39m Initializing Spring embedded WebApplicationContext
[2m2026-03-10T00:25:40.265+05:30[0;39m [32m INFO[0;39m [35m34744[0;39m [2m---[0;39m [2m[  restartedMain][0;39m [2m[0;39m[36mw.s.c.ServletWebServerApplicationContext[0;39m [2m:[0;39m Root WebApplicationContext: initialization completed in 162 ms
[2m2026-03-10T00:25:40.281+05:30[0;39m [32m INFO[0;39m [35m34744[0;39m [2m---[0;39m [2m[  restartedMain][0;39m [2m[0;39m[36mcom.zaxxer.hikari.HikariDataSource      [0;39m [2m:[0;39m HikariPool-11 - Starting...
[2m2026-03-10T00:25:40.282+05:30[0;39m [32m INFO[0;39m [35m34744[0;39m [2m---[0;39m [2m[  restartedMain][0;39m [2m[0;39m[36mcom.zaxxer.hikari.pool.HikariPool       [0;39m [2m:[0;39m HikariPool-11 - Added connection conn121: url=jdbc:h2:mem:adarsh_awning user=SA
[2m2026-03-10T00:25:40.282+05:30[0;39m [32m INFO[0;39m [35m34744[0;39m [2m---[0;39m [2m[  restartedMain][0;39m [2m[0;39m[36mcom.zaxxer.hikari.HikariDataSource      [0;39m [2m:[0;39m HikariPool-11 - Start completed.
[2m2026-03-10T00:25:40.282+05:30[0;39m [32m INFO[0;39m [35m34744[0;39m [2m---[0;39m [2m[  restartedMain][0;39m [2m[0;39m[36mo.s.b.a.h2.H2ConsoleAutoConfiguration   [0;39m [2m:[0;39m H2 console available at '/h2-console'. Database available at 'jdbc:h2:mem:adarsh_awning'
[2m2026-03-10T00:25:40.303+05:30[0;39m [32m INFO[0;39m [35m34744[0;39m [2m---[0;39m [2m[  restartedMain][0;39m [2m[0;39m[36mo.hibernate.jpa.internal.util.LogHelper [0;39m [2m:[0;39m HHH000204: Processing PersistenceUnitInfo [name: default]
[2m2026-03-10T00:25:40.304+05:30[0;39m [32m INFO[0;39m [35m34744[0;39m [2m---[0;39m [2m[  restartedMain][0;39m [2m[0;39m[36mo.h.c.internal.RegionFactoryInitiator   [0;39m [2m:[0;39m HHH000026: Second-level cache disabled
[2m2026-03-10T00:25:40.308+05:30[0;39m [32m INFO[0;39m [35m34744[0;39m [2m---[0;39m [2m[  restartedMain][0;39m [2m[0;39m[36mo.s.o.j.p.SpringPersistenceUnitInfo     [0;39m [2m:[0;39m No LoadTimeWeaver setup: ignoring JPA class transformer
[2m2026-03-10T00:25:40.308+05:30[0;39m [33m WARN[0;39m [35m34744[0;39m [2m---[0;39m [2m[  restartedMain][0;39m [2m[0;39m[36morg.hibernate.orm.deprecation           [0;39m [2m:[0;39m HHH90000025: H2Dialect does not need to be specified explicitly using 'hibernate.dialect' (remove the property setting and it will be selected by default)
[2m2026-03-10T00:25:40.323+05:30[0;39m [32m INFO[0;39m [35m34744[0;39m [2m---[0;39m [2m[  restartedMain][0;39m [2m[0;39m[36mo.h.e.t.j.p.i.JtaPlatformInitiator      [0;39m [2m:[0;39m HHH000489: No JTA platform available (set 'hibernate.transaction.jta.platform' to enable JTA platform integration)
Hibernate: create table awning_users (id bigint generated by default as identity, email varchar(255) not null, password varchar(255) not null, username varchar(255) not null, primary key (id))
Hibernate: create table user_roles (user_id bigint not null, role varchar(255))
Hibernate: alter table if exists awning_users drop constraint if exists UK_p57up92fffrjenncqn3wtawix
Hibernate: alter table if exists awning_users add constraint UK_p57up92fffrjenncqn3wtawix unique (email)
Hibernate: alter table if exists awning_users drop constraint if exists UK_2uxc8urxrfk51ok6fkcn08b9b
Hibernate: alter table if exists awning_users add constraint UK_2uxc8urxrfk51ok6fkcn08b9b unique (username)
Hibernate: alter table if exists user_roles add constraint FKgsmpf944rieaqg7hi70jbpy66 foreign key (user_id) references awning_users
[2m2026-03-10T00:25:40.326+05:30[0;39m [32m INFO[0;39m [35m34744[0;39m [2m---[0;39m [2m[  restartedMain][0;39m [2m[0;39m[36mj.LocalContainerEntityManagerFactoryBean[0;39m [2m:[0;39m Initialized JPA EntityManagerFactory for persistence unit 'default'
[2m2026-03-10T00:25:40.402+05:30[0;39m [33m WARN[0;39m [35m34744[0;39m [2m---[0;39m [2m[  restartedMain][0;39m [2m[0;39m[36mJpaBaseConfiguration$JpaWebConfiguration[0;39m [2m:[0;39m spring.jpa.open-in-view is enabled by default. Therefore, database queries may be performed during view rendering. Explicitly configure spring.jpa.open-in-view to disable this warning
[2m2026-03-10T00:25:40.491+05:30[0;39m [32m INFO[0;39m [35m34744[0;39m [2m---[0;39m [2m[  restartedMain][0;39m [2m[0;39m[36mo.s.s.web.DefaultSecurityFilterChain    [0;39m [2m:[0;39m Will secure any request with [org.springframework.security.web.session.DisableEncodeUrlFilter@6f4fe8df, org.springframework.security.web.context.request.async.WebAsyncManagerIntegrationFilter@208268e0, org.springframework.security.web.context.SecurityContextHolderFilter@40a26aee, org.springframework.security.web.header.HeaderWriterFilter@74897e8b, org.springframework.web.filter.CorsFilter@37a04c94, org.springframework.security.web.authentication.logout.LogoutFilter@2ec51f4c, com.example.hello.security.AuthTokenFilter@1dfb5244, org.springframework.security.web.savedrequest.RequestCacheAwareFilter@3b86bf93, org.springframework.security.web.servletapi.SecurityContextHolderAwareRequestFilter@444f34e, org.springframework.security.web.authentication.AnonymousAuthenticationFilter@6b24a717, org.springframework.security.web.session.SessionManagementFilter@672200ce, org.springframework.security.web.access.ExceptionTranslationFilter@190c5a6b, org.springframework.security.web.access.intercept.AuthorizationFilter@6976a5c2]
[2m2026-03-10T00:25:40.565+05:30[0;39m [32m INFO[0;39m [35m34744[0;39m [2m---[0;39m [2m[  restartedMain][0;39m [2m[0;39m[36mo.s.b.d.a.OptionalLiveReloadServer      [0;39m [2m:[0;39m LiveReload server is running on port 35729
[2m2026-03-10T00:25:40.570+05:30[0;39m [32m INFO[0;39m [35m34744[0;39m [2m---[0;39m [2m[  restartedMain][0;39m [2m[0;39m[36mo.s.b.w.embedded.tomcat.TomcatWebServer [0;39m [2m:[0;39m Tomcat started on port 8080 (http) with context path ''
[2m2026-03-10T00:25:40.572+05:30[0;39m [32m INFO[0;39m [35m34744[0;39m [2m---[0;39m [2m[  restartedMain][0;39m [2m[0;39m[36mc.example.hello.HelloWorldApplication   [0;39m [2m:[0;39m Started HelloWorldApplication in 0.492 seconds (process running for 10548.137)
###### ACTIVE PROFILES: [dev]
[2m2026-03-10T00:25:40.573+05:30[0;39m [32m INFO[0;39m [35m34744[0;39m [2m---[0;39m [2m[  restartedMain][0;39m [2m[0;39m[36m.ConditionEvaluationDeltaLoggingListener[0;39m [2m:[0;39m Condition evaluation unchanged
[2m2026-03-10T00:25:41.983+05:30[0;39m [32m INFO[0;39m [35m34744[0;39m [2m---[0;39m [2m[   File Watcher][0;39m [2m[0;39m[36mrtingClassPathChangeChangedEventListener[0;39m [2m:[0;39m Restarting due to 2 class path changes (0 additions, 0 deletions, 2 modifications)
[2m2026-03-10T00:25:41.989+05:30[0;39m [32m INFO[0;39m [35m34744[0;39m [2m---[0;39m [2m[      Thread-44][0;39m [2m[0;39m[36mj.LocalContainerEntityManagerFactoryBean[0;39m [2m:[0;39m Closing JPA EntityManagerFactory for persistence unit 'default'
[2m2026-03-10T00:25:41.991+05:30[0;39m [33m WARN[0;39m [35m34744[0;39m [2m---[0;39m [2m[      Thread-44][0;39m [2m[0;39m[36mo.s.b.f.support.DisposableBeanAdapter   [0;39m [2m:[0;39m Invocation of destroy method failed on bean with name 'inMemoryDatabaseShutdownExecutor': org.h2.jdbc.JdbcSQLNonTransientConnectionException: Database is already closed (to disable automatic closing at VM shutdown, add ";DB_CLOSE_ON_EXIT=FALSE" to the db URL) [90121-224]
[2m2026-03-10T00:25:41.991+05:30[0;39m [32m INFO[0;39m [35m34744[0;39m [2m---[0;39m [2m[      Thread-44][0;39m [2m[0;39m[36mcom.zaxxer.hikari.HikariDataSource      [0;39m [2m:[0;39m HikariPool-11 - Shutdown initiated...
[2m2026-03-10T00:25:41.992+05:30[0;39m [32m INFO[0;39m [35m34744[0;39m [2m---[0;39m [2m[      Thread-44][0;39m [2m[0;39m[36mcom.zaxxer.hikari.HikariDataSource      [0;39m [2m:[0;39m HikariPool-11 - Shutdown completed.

  .   ____          _            __ _ _
 /\\ / ___'_ __ _ _(_)_ __  __ _ \ \ \ \
( ( )\___ | '_ | '_| | '_ \/ _` | \ \ \ \
 \\/  ___)| |_)| | | | | || (_| |  ) ) ) )
  '  |____| .__|_| |_|_| |_\__, | / / / /
 =========|_|==============|___/=/_/_/_/
[32m :: Spring Boot :: [39m              [2m (v3.2.3)[0;39m

[2m2026-03-10T00:25:42.053+05:30[0;39m [32m INFO[0;39m [35m34744[0;39m [2m---[0;39m [2m[  restartedMain][0;39m [2m[0;39m[36mc.example.hello.HelloWorldApplication   [0;39m [2m:[0;39m Starting HelloWorldApplication using Java 24 with PID 34744 (/Users/adarshkumarsharma/.gemini/antigravity/scratch/hello-world-app/backend/target/classes started by adarshkumarsharma in /Users/adarshkumarsharma/.gemini/antigravity/scratch/hello-world-app/backend)
[2m2026-03-10T00:25:42.053+05:30[0;39m [32m INFO[0;39m [35m34744[0;39m [2m---[0;39m [2m[  restartedMain][0;39m [2m[0;39m[36mc.example.hello.HelloWorldApplication   [0;39m [2m:[0;39m The following 1 profile is active: "dev"
[2m2026-03-10T00:25:42.119+05:30[0;39m [32m INFO[0;39m [35m34744[0;39m [2m---[0;39m [2m[  restartedMain][0;39m [2m[0;39m[36m.s.d.r.c.RepositoryConfigurationDelegate[0;39m [2m:[0;39m Bootstrapping Spring Data JPA repositories in DEFAULT mode.
[2m2026-03-10T00:25:42.124+05:30[0;39m [32m INFO[0;39m [35m34744[0;39m [2m---[0;39m [2m[  restartedMain][0;39m [2m[0;39m[36m.s.d.r.c.RepositoryConfigurationDelegate[0;39m [2m:[0;39m Finished Spring Data repository scanning in 5 ms. Found 1 JPA repository interface.
[2m2026-03-10T00:25:42.185+05:30[0;39m [32m INFO[0;39m [35m34744[0;39m [2m---[0;39m [2m[  restartedMain][0;39m [2m[0;39m[36mo.s.b.w.embedded.tomcat.TomcatWebServer [0;39m [2m:[0;39m Tomcat initialized with port 8080 (http)
[2m2026-03-10T00:25:42.185+05:30[0;39m [32m INFO[0;39m [35m34744[0;39m [2m---[0;39m [2m[  restartedMain][0;39m [2m[0;39m[36mo.apache.catalina.core.StandardService  [0;39m [2m:[0;39m Starting service [Tomcat]
[2m2026-03-10T00:25:42.185+05:30[0;39m [32m INFO[0;39m [35m34744[0;39m [2m---[0;39m [2m[  restartedMain][0;39m [2m[0;39m[36mo.apache.catalina.core.StandardEngine   [0;39m [2m:[0;39m Starting Servlet engine: [Apache Tomcat/10.1.19]
[2m2026-03-10T00:25:42.189+05:30[0;39m [32m INFO[0;39m [35m34744[0;39m [2m---[0;39m [2m[  restartedMain][0;39m [2m[0;39m[36mo.a.c.c.C.[Tomcat-1].[localhost].[/]    [0;39m [2m:[0;39m Initializing Spring embedded WebApplicationContext
[2m2026-03-10T00:25:42.189+05:30[0;39m [32m INFO[0;39m [35m34744[0;39m [2m---[0;39m [2m[  restartedMain][0;39m [2m[0;39m[36mw.s.c.ServletWebServerApplicationContext[0;39m [2m:[0;39m Root WebApplicationContext: initialization completed in 135 ms
[2m2026-03-10T00:25:42.199+05:30[0;39m [32m INFO[0;39m [35m34744[0;39m [2m---[0;39m [2m[  restartedMain][0;39m [2m[0;39m[36mcom.zaxxer.hikari.HikariDataSource      [0;39m [2m:[0;39m HikariPool-12 - Starting...
[2m2026-03-10T00:25:42.200+05:30[0;39m [32m INFO[0;39m [35m34744[0;39m [2m---[0;39m [2m[  restartedMain][0;39m [2m[0;39m[36mcom.zaxxer.hikari.pool.HikariPool       [0;39m [2m:[0;39m HikariPool-12 - Added connection conn131: url=jdbc:h2:mem:adarsh_awning user=SA
[2m2026-03-10T00:25:42.200+05:30[0;39m [32m INFO[0;39m [35m34744[0;39m [2m---[0;39m [2m[  restartedMain][0;39m [2m[0;39m[36mcom.zaxxer.hikari.HikariDataSource      [0;39m [2m:[0;39m HikariPool-12 - Start completed.
[2m2026-03-10T00:25:42.200+05:30[0;39m [32m INFO[0;39m [35m34744[0;39m [2m---[0;39m [2m[  restartedMain][0;39m [2m[0;39m[36mo.s.b.a.h2.H2ConsoleAutoConfiguration   [0;39m [2m:[0;39m H2 console available at '/h2-console'. Database available at 'jdbc:h2:mem:adarsh_awning'
[2m2026-03-10T00:25:42.223+05:30[0;39m [32m INFO[0;39m [35m34744[0;39m [2m---[0;39m [2m[  restartedMain][0;39m [2m[0;39m[36mo.hibernate.jpa.internal.util.LogHelper [0;39m [2m:[0;39m HHH000204: Processing PersistenceUnitInfo [name: default]
[2m2026-03-10T00:25:42.224+05:30[0;39m [32m INFO[0;39m [35m34744[0;39m [2m---[0;39m [2m[  restartedMain][0;39m [2m[0;39m[36mo.h.c.internal.RegionFactoryInitiator   [0;39m [2m:[0;39m HHH000026: Second-level cache disabled
[2m2026-03-10T00:25:42.225+05:30[0;39m [32m INFO[0;39m [35m34744[0;39m [2m---[0;39m [2m[  restartedMain][0;39m [2m[0;39m[36mo.s.o.j.p.SpringPersistenceUnitInfo     [0;39m [2m:[0;39m No LoadTimeWeaver setup: ignoring JPA class transformer
[2m2026-03-10T00:25:42.225+05:30[0;39m [33m WARN[0;39m [35m34744[0;39m [2m---[0;39m [2m[  restartedMain][0;39m [2m[0;39m[36morg.hibernate.orm.deprecation           [0;39m [2m:[0;39m HHH90000025: H2Dialect does not need to be specified explicitly using 'hibernate.dialect' (remove the property setting and it will be selected by default)
[2m2026-03-10T00:25:42.242+05:30[0;39m [32m INFO[0;39m [35m34744[0;39m [2m---[0;39m [2m[  restartedMain][0;39m [2m[0;39m[36mo.h.e.t.j.p.i.JtaPlatformInitiator      [0;39m [2m:[0;39m HHH000489: No JTA platform available (set 'hibernate.transaction.jta.platform' to enable JTA platform integration)
Hibernate: create table awning_users (id bigint generated by default as identity, email varchar(255) not null, password varchar(255) not null, username varchar(255) not null, primary key (id))
Hibernate: create table user_roles (user_id bigint not null, role varchar(255))
Hibernate: alter table if exists awning_users drop constraint if exists UK_p57up92fffrjenncqn3wtawix
Hibernate: alter table if exists awning_users add constraint UK_p57up92fffrjenncqn3wtawix unique (email)
Hibernate: alter table if exists awning_users drop constraint if exists UK_2uxc8urxrfk51ok6fkcn08b9b
Hibernate: alter table if exists awning_users add constraint UK_2uxc8urxrfk51ok6fkcn08b9b unique (username)
Hibernate: alter table if exists user_roles add constraint FKgsmpf944rieaqg7hi70jbpy66 foreign key (user_id) references awning_users
[2m2026-03-10T00:25:42.249+05:30[0;39m [32m INFO[0;39m [35m34744[0;39m [2m---[0;39m [2m[  restartedMain][0;39m [2m[0;39m[36mj.LocalContainerEntityManagerFactoryBean[0;39m [2m:[0;39m Initialized JPA EntityManagerFactory for persistence unit 'default'
[2m2026-03-10T00:25:42.324+05:30[0;39m [33m WARN[0;39m [35m34744[0;39m [2m---[0;39m [2m[  restartedMain][0;39m [2m[0;39m[36mJpaBaseConfiguration$JpaWebConfiguration[0;39m [2m:[0;39m spring.jpa.open-in-view is enabled by default. Therefore, database queries may be performed during view rendering. Explicitly configure spring.jpa.open-in-view to disable this warning
[2m2026-03-10T00:25:42.418+05:30[0;39m [32m INFO[0;39m [35m34744[0;39m [2m---[0;39m [2m[  restartedMain][0;39m [2m[0;39m[36mo.s.s.web.DefaultSecurityFilterChain    [0;39m [2m:[0;39m Will secure any request with [org.springframework.security.web.session.DisableEncodeUrlFilter@40192901, org.springframework.security.web.context.request.async.WebAsyncManagerIntegrationFilter@9a56dc4, org.springframework.security.web.context.SecurityContextHolderFilter@42409b90, org.springframework.security.web.header.HeaderWriterFilter@5ed6280b, org.springframework.web.filter.CorsFilter@736fd617, org.springframework.security.web.authentication.logout.LogoutFilter@3bfe417f, com.example.hello.security.AuthTokenFilter@76c4d9d3, org.springframework.security.web.savedrequest.RequestCacheAwareFilter@3898477a, org.springframework.security.web.servletapi.SecurityContextHolderAwareRequestFilter@5761a612, org.springframework.security.web.authentication.AnonymousAuthenticationFilter@8d7fe62, org.springframework.security.web.session.SessionManagementFilter@5bbe2a34, org.springframework.security.web.access.ExceptionTranslationFilter@7c10c644, org.springframework.security.web.access.intercept.AuthorizationFilter@1bac0dfd]
[2m2026-03-10T00:25:42.518+05:30[0;39m [32m INFO[0;39m [35m34744[0;39m [2m---[0;39m [2m[  restartedMain][0;39m [2m[0;39m[36mo.s.b.d.a.OptionalLiveReloadServer      [0;39m [2m:[0;39m LiveReload server is running on port 35729
[2m2026-03-10T00:25:42.528+05:30[0;39m [32m INFO[0;39m [35m34744[0;39m [2m---[0;39m [2m[  restartedMain][0;39m [2m[0;39m[36mo.s.b.w.embedded.tomcat.TomcatWebServer [0;39m [2m:[0;39m Tomcat started on port 8080 (http) with context path ''
[2m2026-03-10T00:25:42.530+05:30[0;39m [32m INFO[0;39m [35m34744[0;39m [2m---[0;39m [2m[  restartedMain][0;39m [2m[0;39m[36mc.example.hello.HelloWorldApplication   [0;39m [2m:[0;39m Started HelloWorldApplication in 0.485 seconds (process running for 10550.095)
###### ACTIVE PROFILES: [dev]
[2m2026-03-10T00:25:42.531+05:30[0;39m [32m INFO[0;39m [35m34744[0;39m [2m---[0;39m [2m[  restartedMain][0;39m [2m[0;39m[36m.ConditionEvaluationDeltaLoggingListener[0;39m [2m:[0;39m Condition evaluation unchanged
[2m2026-03-10T00:25:57.034+05:30[0;39m [32m INFO[0;39m [35m34744[0;39m [2m---[0;39m [2m[   File Watcher][0;39m [2m[0;39m[36mrtingClassPathChangeChangedEventListener[0;39m [2m:[0;39m Restarting due to 1 class path change (0 additions, 0 deletions, 1 modification)
[2m2026-03-10T00:25:57.041+05:30[0;39m [32m INFO[0;39m [35m34744[0;39m [2m---[0;39m [2m[      Thread-51][0;39m [2m[0;39m[36mj.LocalContainerEntityManagerFactoryBean[0;39m [2m:[0;39m Closing JPA EntityManagerFactory for persistence unit 'default'
[2m2026-03-10T00:25:57.043+05:30[0;39m [33m WARN[0;39m [35m34744[0;39m [2m---[0;39m [2m[      Thread-51][0;39m [2m[0;39m[36mo.s.b.f.support.DisposableBeanAdapter   [0;39m [2m:[0;39m Invocation of destroy method failed on bean with name 'inMemoryDatabaseShutdownExecutor': org.h2.jdbc.JdbcSQLNonTransientConnectionException: Database is already closed (to disable automatic closing at VM shutdown, add ";DB_CLOSE_ON_EXIT=FALSE" to the db URL) [90121-224]
[2m2026-03-10T00:25:57.043+05:30[0;39m [32m INFO[0;39m [35m34744[0;39m [2m---[0;39m [2m[      Thread-51][0;39m [2m[0;39m[36mcom.zaxxer.hikari.HikariDataSource      [0;39m [2m:[0;39m HikariPool-12 - Shutdown initiated...
[2m2026-03-10T00:25:57.044+05:30[0;39m [32m INFO[0;39m [35m34744[0;39m [2m---[0;39m [2m[      Thread-51][0;39m [2m[0;39m[36mcom.zaxxer.hikari.HikariDataSource      [0;39m [2m:[0;39m HikariPool-12 - Shutdown completed.

  .   ____          _            __ _ _
 /\\ / ___'_ __ _ _(_)_ __  __ _ \ \ \ \
( ( )\___ | '_ | '_| | '_ \/ _` | \ \ \ \
 \\/  ___)| |_)| | | | | || (_| |  ) ) ) )
  '  |____| .__|_| |_|_| |_\__, | / / / /
 =========|_|==============|___/=/_/_/_/
[32m :: Spring Boot :: [39m              [2m (v3.2.3)[0;39m

[2m2026-03-10T00:25:57.095+05:30[0;39m [32m INFO[0;39m [35m34744[0;39m [2m---[0;39m [2m[  restartedMain][0;39m [2m[0;39m[36mc.example.hello.HelloWorldApplication   [0;39m [2m:[0;39m Starting HelloWorldApplication using Java 24 with PID 34744 (/Users/adarshkumarsharma/.gemini/antigravity/scratch/hello-world-app/backend/target/classes started by adarshkumarsharma in /Users/adarshkumarsharma/.gemini/antigravity/scratch/hello-world-app/backend)
[2m2026-03-10T00:25:57.095+05:30[0;39m [32m INFO[0;39m [35m34744[0;39m [2m---[0;39m [2m[  restartedMain][0;39m [2m[0;39m[36mc.example.hello.HelloWorldApplication   [0;39m [2m:[0;39m The following 1 profile is active: "dev"
[2m2026-03-10T00:25:57.167+05:30[0;39m [32m INFO[0;39m [35m34744[0;39m [2m---[0;39m [2m[  restartedMain][0;39m [2m[0;39m[36m.s.d.r.c.RepositoryConfigurationDelegate[0;39m [2m:[0;39m Bootstrapping Spring Data JPA repositories in DEFAULT mode.
[2m2026-03-10T00:25:57.171+05:30[0;39m [32m INFO[0;39m [35m34744[0;39m [2m---[0;39m [2m[  restartedMain][0;39m [2m[0;39m[36m.s.d.r.c.RepositoryConfigurationDelegate[0;39m [2m:[0;39m Finished Spring Data repository scanning in 3 ms. Found 1 JPA repository interface.
[2m2026-03-10T00:25:57.254+05:30[0;39m [32m INFO[0;39m [35m34744[0;39m [2m---[0;39m [2m[  restartedMain][0;39m [2m[0;39m[36mo.s.b.w.embedded.tomcat.TomcatWebServer [0;39m [2m:[0;39m Tomcat initialized with port 8080 (http)
[2m2026-03-10T00:25:57.254+05:30[0;39m [32m INFO[0;39m [35m34744[0;39m [2m---[0;39m [2m[  restartedMain][0;39m [2m[0;39m[36mo.apache.catalina.core.StandardService  [0;39m [2m:[0;39m Starting service [Tomcat]
[2m2026-03-10T00:25:57.254+05:30[0;39m [32m INFO[0;39m [35m34744[0;39m [2m---[0;39m [2m[  restartedMain][0;39m [2m[0;39m[36mo.apache.catalina.core.StandardEngine   [0;39m [2m:[0;39m Starting Servlet engine: [Apache Tomcat/10.1.19]
[2m2026-03-10T00:25:57.260+05:30[0;39m [32m INFO[0;39m [35m34744[0;39m [2m---[0;39m [2m[  restartedMain][0;39m [2m[0;39m[36mo.a.c.c.C.[Tomcat-1].[localhost].[/]    [0;39m [2m:[0;39m Initializing Spring embedded WebApplicationContext
[2m2026-03-10T00:25:57.261+05:30[0;39m [32m INFO[0;39m [35m34744[0;39m [2m---[0;39m [2m[  restartedMain][0;39m [2m[0;39m[36mw.s.c.ServletWebServerApplicationContext[0;39m [2m:[0;39m Root WebApplicationContext: initialization completed in 166 ms
[2m2026-03-10T00:25:57.273+05:30[0;39m [32m INFO[0;39m [35m34744[0;39m [2m---[0;39m [2m[  restartedMain][0;39m [2m[0;39m[36mcom.zaxxer.hikari.HikariDataSource      [0;39m [2m:[0;39m HikariPool-13 - Starting...
[2m2026-03-10T00:25:57.274+05:30[0;39m [32m INFO[0;39m [35m34744[0;39m [2m---[0;39m [2m[  restartedMain][0;39m [2m[0;39m[36mcom.zaxxer.hikari.pool.HikariPool       [0;39m [2m:[0;39m HikariPool-13 - Added connection conn141: url=jdbc:h2:mem:adarsh_awning user=SA
[2m2026-03-10T00:25:57.275+05:30[0;39m [32m INFO[0;39m [35m34744[0;39m [2m---[0;39m [2m[  restartedMain][0;39m [2m[0;39m[36mcom.zaxxer.hikari.HikariDataSource      [0;39m [2m:[0;39m HikariPool-13 - Start completed.
[2m2026-03-10T00:25:57.275+05:30[0;39m [32m INFO[0;39m [35m34744[0;39m [2m---[0;39m [2m[  restartedMain][0;39m [2m[0;39m[36mo.s.b.a.h2.H2ConsoleAutoConfiguration   [0;39m [2m:[0;39m H2 console available at '/h2-console'. Database available at 'jdbc:h2:mem:adarsh_awning'
[2m2026-03-10T00:25:57.302+05:30[0;39m [32m INFO[0;39m [35m34744[0;39m [2m---[0;39m [2m[  restartedMain][0;39m [2m[0;39m[36mo.hibernate.jpa.internal.util.LogHelper [0;39m [2m:[0;39m HHH000204: Processing PersistenceUnitInfo [name: default]
[2m2026-03-10T00:25:57.304+05:30[0;39m [32m INFO[0;39m [35m34744[0;39m [2m---[0;39m [2m[  restartedMain][0;39m [2m[0;39m[36mo.h.c.internal.RegionFactoryInitiator   [0;39m [2m:[0;39m HHH000026: Second-level cache disabled
[2m2026-03-10T00:25:57.308+05:30[0;39m [32m INFO[0;39m [35m34744[0;39m [2m---[0;39m [2m[  restartedMain][0;39m [2m[0;39m[36mo.s.o.j.p.SpringPersistenceUnitInfo     [0;39m [2m:[0;39m No LoadTimeWeaver setup: ignoring JPA class transformer
[2m2026-03-10T00:25:57.308+05:30[0;39m [33m WARN[0;39m [35m34744[0;39m [2m---[0;39m [2m[  restartedMain][0;39m [2m[0;39m[36morg.hibernate.orm.deprecation           [0;39m [2m:[0;39m HHH90000025: H2Dialect does not need to be specified explicitly using 'hibernate.dialect' (remove the property setting and it will be selected by default)
[2m2026-03-10T00:25:57.334+05:30[0;39m [32m INFO[0;39m [35m34744[0;39m [2m---[0;39m [2m[  restartedMain][0;39m [2m[0;39m[36mo.h.e.t.j.p.i.JtaPlatformInitiator      [0;39m [2m:[0;39m HHH000489: No JTA platform available (set 'hibernate.transaction.jta.platform' to enable JTA platform integration)
Hibernate: create table awning_users (id bigint generated by default as identity, email varchar(255) not null, password varchar(255) not null, username varchar(255) not null, primary key (id))
Hibernate: create table user_roles (user_id bigint not null, role varchar(255))
Hibernate: alter table if exists awning_users drop constraint if exists UK_p57up92fffrjenncqn3wtawix
Hibernate: alter table if exists awning_users add constraint UK_p57up92fffrjenncqn3wtawix unique (email)
Hibernate: alter table if exists awning_users drop constraint if exists UK_2uxc8urxrfk51ok6fkcn08b9b
Hibernate: alter table if exists awning_users add constraint UK_2uxc8urxrfk51ok6fkcn08b9b unique (username)
Hibernate: alter table if exists user_roles add constraint FKgsmpf944rieaqg7hi70jbpy66 foreign key (user_id) references awning_users
[2m2026-03-10T00:25:57.338+05:30[0;39m [32m INFO[0;39m [35m34744[0;39m [2m---[0;39m [2m[  restartedMain][0;39m [2m[0;39m[36mj.LocalContainerEntityManagerFactoryBean[0;39m [2m:[0;39m Initialized JPA EntityManagerFactory for persistence unit 'default'
[2m2026-03-10T00:25:57.410+05:30[0;39m [33m WARN[0;39m [35m34744[0;39m [2m---[0;39m [2m[  restartedMain][0;39m [2m[0;39m[36mJpaBaseConfiguration$JpaWebConfiguration[0;39m [2m:[0;39m spring.jpa.open-in-view is enabled by default. Therefore, database queries may be performed during view rendering. Explicitly configure spring.jpa.open-in-view to disable this warning
[2m2026-03-10T00:25:57.497+05:30[0;39m [32m INFO[0;39m [35m34744[0;39m [2m---[0;39m [2m[  restartedMain][0;39m [2m[0;39m[36mo.s.s.web.DefaultSecurityFilterChain    [0;39m [2m:[0;39m Will secure any request with [org.springframework.security.web.session.DisableEncodeUrlFilter@40d9e8de, org.springframework.security.web.context.request.async.WebAsyncManagerIntegrationFilter@45fd6985, org.springframework.security.web.context.SecurityContextHolderFilter@23248b9b, org.springframework.security.web.header.HeaderWriterFilter@5118392, org.springframework.web.filter.CorsFilter@7dbc10bd, org.springframework.security.web.authentication.logout.LogoutFilter@1262f878, com.example.hello.security.AuthTokenFilter@128682a8, org.springframework.security.web.savedrequest.RequestCacheAwareFilter@c39bcff, org.springframework.security.web.servletapi.SecurityContextHolderAwareRequestFilter@5bdb3f9, org.springframework.security.web.authentication.AnonymousAuthenticationFilter@7f9210db, org.springframework.security.web.session.SessionManagementFilter@1560aa1f, org.springframework.security.web.access.ExceptionTranslationFilter@7bfa9911, org.springframework.security.web.access.intercept.AuthorizationFilter@3b373372]
[2m2026-03-10T00:25:57.619+05:30[0;39m [32m INFO[0;39m [35m34744[0;39m [2m---[0;39m [2m[  restartedMain][0;39m [2m[0;39m[36mo.s.b.d.a.OptionalLiveReloadServer      [0;39m [2m:[0;39m LiveReload server is running on port 35729
[2m2026-03-10T00:25:57.626+05:30[0;39m [32m INFO[0;39m [35m34744[0;39m [2m---[0;39m [2m[  restartedMain][0;39m [2m[0;39m[36mo.s.b.w.embedded.tomcat.TomcatWebServer [0;39m [2m:[0;39m Tomcat started on port 8080 (http) with context path ''
[2m2026-03-10T00:25:57.628+05:30[0;39m [32m INFO[0;39m [35m34744[0;39m [2m---[0;39m [2m[  restartedMain][0;39m [2m[0;39m[36mc.example.hello.HelloWorldApplication   [0;39m [2m:[0;39m Started HelloWorldApplication in 0.54 seconds (process running for 10565.193)
###### ACTIVE PROFILES: [dev]
[2m2026-03-10T00:25:57.630+05:30[0;39m [32m INFO[0;39m [35m34744[0;39m [2m---[0;39m [2m[  restartedMain][0;39m [2m[0;39m[36m.ConditionEvaluationDeltaLoggingListener[0;39m [2m:[0;39m Condition evaluation unchanged
[2m2026-03-10T00:25:59.034+05:30[0;39m [32m INFO[0;39m [35m34744[0;39m [2m---[0;39m [2m[   File Watcher][0;39m [2m[0;39m[36mrtingClassPathChangeChangedEventListener[0;39m [2m:[0;39m Restarting due to 1 class path change (0 additions, 0 deletions, 1 modification)
[2m2026-03-10T00:25:59.040+05:30[0;39m [32m INFO[0;39m [35m34744[0;39m [2m---[0;39m [2m[      Thread-55][0;39m [2m[0;39m[36mj.LocalContainerEntityManagerFactoryBean[0;39m [2m:[0;39m Closing JPA EntityManagerFactory for persistence unit 'default'
[2m2026-03-10T00:25:59.042+05:30[0;39m [33m WARN[0;39m [35m34744[0;39m [2m---[0;39m [2m[      Thread-55][0;39m [2m[0;39m[36mo.s.b.f.support.DisposableBeanAdapter   [0;39m [2m:[0;39m Invocation of destroy method failed on bean with name 'inMemoryDatabaseShutdownExecutor': org.h2.jdbc.JdbcSQLNonTransientConnectionException: Database is already closed (to disable automatic closing at VM shutdown, add ";DB_CLOSE_ON_EXIT=FALSE" to the db URL) [90121-224]
[2m2026-03-10T00:25:59.042+05:30[0;39m [32m INFO[0;39m [35m34744[0;39m [2m---[0;39m [2m[      Thread-55][0;39m [2m[0;39m[36mcom.zaxxer.hikari.HikariDataSource      [0;39m [2m:[0;39m HikariPool-13 - Shutdown initiated...
[2m2026-03-10T00:25:59.043+05:30[0;39m [32m INFO[0;39m [35m34744[0;39m [2m---[0;39m [2m[      Thread-55][0;39m [2m[0;39m[36mcom.zaxxer.hikari.HikariDataSource      [0;39m [2m:[0;39m HikariPool-13 - Shutdown completed.

  .   ____          _            __ _ _
 /\\ / ___'_ __ _ _(_)_ __  __ _ \ \ \ \
( ( )\___ | '_ | '_| | '_ \/ _` | \ \ \ \
 \\/  ___)| |_)| | | | | || (_| |  ) ) ) )
  '  |____| .__|_| |_|_| |_\__, | / / / /
 =========|_|==============|___/=/_/_/_/
[32m :: Spring Boot :: [39m              [2m (v3.2.3)[0;39m

[2m2026-03-10T00:25:59.123+05:30[0;39m [32m INFO[0;39m [35m34744[0;39m [2m---[0;39m [2m[  restartedMain][0;39m [2m[0;39m[36mc.example.hello.HelloWorldApplication   [0;39m [2m:[0;39m Starting HelloWorldApplication using Java 24 with PID 34744 (/Users/adarshkumarsharma/.gemini/antigravity/scratch/hello-world-app/backend/target/classes started by adarshkumarsharma in /Users/adarshkumarsharma/.gemini/antigravity/scratch/hello-world-app/backend)
[2m2026-03-10T00:25:59.123+05:30[0;39m [32m INFO[0;39m [35m34744[0;39m [2m---[0;39m [2m[  restartedMain][0;39m [2m[0;39m[36mc.example.hello.HelloWorldApplication   [0;39m [2m:[0;39m The following 1 profile is active: "dev"
[2m2026-03-10T00:25:59.214+05:30[0;39m [32m INFO[0;39m [35m34744[0;39m [2m---[0;39m [2m[  restartedMain][0;39m [2m[0;39m[36m.s.d.r.c.RepositoryConfigurationDelegate[0;39m [2m:[0;39m Bootstrapping Spring Data JPA repositories in DEFAULT mode.
[2m2026-03-10T00:25:59.217+05:30[0;39m [32m INFO[0;39m [35m34744[0;39m [2m---[0;39m [2m[  restartedMain][0;39m [2m[0;39m[36m.s.d.r.c.RepositoryConfigurationDelegate[0;39m [2m:[0;39m Finished Spring Data repository scanning in 2 ms. Found 1 JPA repository interface.
[2m2026-03-10T00:25:59.354+05:30[0;39m [32m INFO[0;39m [35m34744[0;39m [2m---[0;39m [2m[  restartedMain][0;39m [2m[0;39m[36mo.s.b.w.embedded.tomcat.TomcatWebServer [0;39m [2m:[0;39m Tomcat initialized with port 8080 (http)
[2m2026-03-10T00:25:59.359+05:30[0;39m [32m INFO[0;39m [35m34744[0;39m [2m---[0;39m [2m[  restartedMain][0;39m [2m[0;39m[36mo.apache.catalina.core.StandardService  [0;39m [2m:[0;39m Starting service [Tomcat]
[2m2026-03-10T00:25:59.360+05:30[0;39m [32m INFO[0;39m [35m34744[0;39m [2m---[0;39m [2m[  restartedMain][0;39m [2m[0;39m[36mo.apache.catalina.core.StandardEngine   [0;39m [2m:[0;39m Starting Servlet engine: [Apache Tomcat/10.1.19]
[2m2026-03-10T00:25:59.366+05:30[0;39m [32m INFO[0;39m [35m34744[0;39m [2m---[0;39m [2m[  restartedMain][0;39m [2m[0;39m[36mo.a.c.c.C.[Tomcat-1].[localhost].[/]    [0;39m [2m:[0;39m Initializing Spring embedded WebApplicationContext
[2m2026-03-10T00:25:59.366+05:30[0;39m [32m INFO[0;39m [35m34744[0;39m [2m---[0;39m [2m[  restartedMain][0;39m [2m[0;39m[36mw.s.c.ServletWebServerApplicationContext[0;39m [2m:[0;39m Root WebApplicationContext: initialization completed in 242 ms
[2m2026-03-10T00:25:59.404+05:30[0;39m [32m INFO[0;39m [35m34744[0;39m [2m---[0;39m [2m[  restartedMain][0;39m [2m[0;39m[36mcom.zaxxer.hikari.HikariDataSource      [0;39m [2m:[0;39m HikariPool-14 - Starting...
[2m2026-03-10T00:25:59.407+05:30[0;39m [32m INFO[0;39m [35m34744[0;39m [2m---[0;39m [2m[  restartedMain][0;39m [2m[0;39m[36mcom.zaxxer.hikari.pool.HikariPool       [0;39m [2m:[0;39m HikariPool-14 - Added connection conn151: url=jdbc:h2:mem:adarsh_awning user=SA
[2m2026-03-10T00:25:59.408+05:30[0;39m [32m INFO[0;39m [35m34744[0;39m [2m---[0;39m [2m[  restartedMain][0;39m [2m[0;39m[36mcom.zaxxer.hikari.HikariDataSource      [0;39m [2m:[0;39m HikariPool-14 - Start completed.
[2m2026-03-10T00:25:59.408+05:30[0;39m [32m INFO[0;39m [35m34744[0;39m [2m---[0;39m [2m[  restartedMain][0;39m [2m[0;39m[36mo.s.b.a.h2.H2ConsoleAutoConfiguration   [0;39m [2m:[0;39m H2 console available at '/h2-console'. Database available at 'jdbc:h2:mem:adarsh_awning'
[2m2026-03-10T00:25:59.432+05:30[0;39m [32m INFO[0;39m [35m34744[0;39m [2m---[0;39m [2m[  restartedMain][0;39m [2m[0;39m[36mo.hibernate.jpa.internal.util.LogHelper [0;39m [2m:[0;39m HHH000204: Processing PersistenceUnitInfo [name: default]
[2m2026-03-10T00:25:59.434+05:30[0;39m [32m INFO[0;39m [35m34744[0;39m [2m---[0;39m [2m[  restartedMain][0;39m [2m[0;39m[36mo.h.c.internal.RegionFactoryInitiator   [0;39m [2m:[0;39m HHH000026: Second-level cache disabled
[2m2026-03-10T00:25:59.436+05:30[0;39m [32m INFO[0;39m [35m34744[0;39m [2m---[0;39m [2m[  restartedMain][0;39m [2m[0;39m[36mo.s.o.j.p.SpringPersistenceUnitInfo     [0;39m [2m:[0;39m No LoadTimeWeaver setup: ignoring JPA class transformer
[2m2026-03-10T00:25:59.437+05:30[0;39m [33m WARN[0;39m [35m34744[0;39m [2m---[0;39m [2m[  restartedMain][0;39m [2m[0;39m[36morg.hibernate.orm.deprecation           [0;39m [2m:[0;39m HHH90000025: H2Dialect does not need to be specified explicitly using 'hibernate.dialect' (remove the property setting and it will be selected by default)
[2m2026-03-10T00:25:59.452+05:30[0;39m [32m INFO[0;39m [35m34744[0;39m [2m---[0;39m [2m[  restartedMain][0;39m [2m[0;39m[36mo.h.e.t.j.p.i.JtaPlatformInitiator      [0;39m [2m:[0;39m HHH000489: No JTA platform available (set 'hibernate.transaction.jta.platform' to enable JTA platform integration)
Hibernate: create table awning_users (id bigint generated by default as identity, email varchar(255) not null, password varchar(255) not null, username varchar(255) not null, primary key (id))
Hibernate: create table user_roles (user_id bigint not null, role varchar(255))
Hibernate: alter table if exists awning_users drop constraint if exists UK_p57up92fffrjenncqn3wtawix
Hibernate: alter table if exists awning_users add constraint UK_p57up92fffrjenncqn3wtawix unique (email)
Hibernate: alter table if exists awning_users drop constraint if exists UK_2uxc8urxrfk51ok6fkcn08b9b
Hibernate: alter table if exists awning_users add constraint UK_2uxc8urxrfk51ok6fkcn08b9b unique (username)
Hibernate: alter table if exists user_roles add constraint FKgsmpf944rieaqg7hi70jbpy66 foreign key (user_id) references awning_users
[2m2026-03-10T00:25:59.453+05:30[0;39m [32m INFO[0;39m [35m34744[0;39m [2m---[0;39m [2m[  restartedMain][0;39m [2m[0;39m[36mj.LocalContainerEntityManagerFactoryBean[0;39m [2m:[0;39m Initialized JPA EntityManagerFactory for persistence unit 'default'
[2m2026-03-10T00:25:59.521+05:30[0;39m [33m WARN[0;39m [35m34744[0;39m [2m---[0;39m [2m[  restartedMain][0;39m [2m[0;39m[36mJpaBaseConfiguration$JpaWebConfiguration[0;39m [2m:[0;39m spring.jpa.open-in-view is enabled by default. Therefore, database queries may be performed during view rendering. Explicitly configure spring.jpa.open-in-view to disable this warning
[2m2026-03-10T00:25:59.605+05:30[0;39m [32m INFO[0;39m [35m34744[0;39m [2m---[0;39m [2m[  restartedMain][0;39m [2m[0;39m[36mo.s.s.web.DefaultSecurityFilterChain    [0;39m [2m:[0;39m Will secure any request with [org.springframework.security.web.session.DisableEncodeUrlFilter@76b26ac7, org.springframework.security.web.context.request.async.WebAsyncManagerIntegrationFilter@1080a4cd, org.springframework.security.web.context.SecurityContextHolderFilter@3f45e17e, org.springframework.security.web.header.HeaderWriterFilter@b3acd1f, org.springframework.web.filter.CorsFilter@409ff7e6, org.springframework.security.web.authentication.logout.LogoutFilter@54764458, com.example.hello.security.AuthTokenFilter@f5dfda4, org.springframework.security.web.savedrequest.RequestCacheAwareFilter@65f29162, org.springframework.security.web.servletapi.SecurityContextHolderAwareRequestFilter@38fdeaf6, org.springframework.security.web.authentication.AnonymousAuthenticationFilter@28e58f31, org.springframework.security.web.session.SessionManagementFilter@7591270c, org.springframework.security.web.access.ExceptionTranslationFilter@293e7a7e, org.springframework.security.web.access.intercept.AuthorizationFilter@72834236]
[2m2026-03-10T00:25:59.664+05:30[0;39m [32m INFO[0;39m [35m34744[0;39m [2m---[0;39m [2m[  restartedMain][0;39m [2m[0;39m[36mo.s.b.d.a.OptionalLiveReloadServer      [0;39m [2m:[0;39m LiveReload server is running on port 35729
[2m2026-03-10T00:25:59.668+05:30[0;39m [32m INFO[0;39m [35m34744[0;39m [2m---[0;39m [2m[  restartedMain][0;39m [2m[0;39m[36mo.s.b.w.embedded.tomcat.TomcatWebServer [0;39m [2m:[0;39m Tomcat started on port 8080 (http) with context path ''
[2m2026-03-10T00:25:59.670+05:30[0;39m [32m INFO[0;39m [35m34744[0;39m [2m---[0;39m [2m[  restartedMain][0;39m [2m[0;39m[36mc.example.hello.HelloWorldApplication   [0;39m [2m:[0;39m Started HelloWorldApplication in 0.561 seconds (process running for 10567.235)
###### ACTIVE PROFILES: [dev]
[2m2026-03-10T00:25:59.670+05:30[0;39m [32m INFO[0;39m [35m34744[0;39m [2m---[0;39m [2m[  restartedMain][0;39m [2m[0;39m[36m.ConditionEvaluationDeltaLoggingListener[0;39m [2m:[0;39m Condition evaluation unchanged
[2m2026-03-10T00:26:13.200+05:30[0;39m [32m INFO[0;39m [35m34744[0;39m [2m---[0;39m [2m[   File Watcher][0;39m [2m[0;39m[36mrtingClassPathChangeChangedEventListener[0;39m [2m:[0;39m Restarting due to 1 class path change (0 additions, 0 deletions, 1 modification)
[2m2026-03-10T00:26:13.218+05:30[0;39m [32m INFO[0;39m [35m34744[0;39m [2m---[0;39m [2m[      Thread-59][0;39m [2m[0;39m[36mj.LocalContainerEntityManagerFactoryBean[0;39m [2m:[0;39m Closing JPA EntityManagerFactory for persistence unit 'default'
[2m2026-03-10T00:26:13.220+05:30[0;39m [33m WARN[0;39m [35m34744[0;39m [2m---[0;39m [2m[      Thread-59][0;39m [2m[0;39m[36mo.s.b.f.support.DisposableBeanAdapter   [0;39m [2m:[0;39m Invocation of destroy method failed on bean with name 'inMemoryDatabaseShutdownExecutor': org.h2.jdbc.JdbcSQLNonTransientConnectionException: Database is already closed (to disable automatic closing at VM shutdown, add ";DB_CLOSE_ON_EXIT=FALSE" to the db URL) [90121-224]
[2m2026-03-10T00:26:13.220+05:30[0;39m [32m INFO[0;39m [35m34744[0;39m [2m---[0;39m [2m[      Thread-59][0;39m [2m[0;39m[36mcom.zaxxer.hikari.HikariDataSource      [0;39m [2m:[0;39m HikariPool-14 - Shutdown initiated...
[2m2026-03-10T00:26:13.220+05:30[0;39m [32m INFO[0;39m [35m34744[0;39m [2m---[0;39m [2m[      Thread-59][0;39m [2m[0;39m[36mcom.zaxxer.hikari.HikariDataSource      [0;39m [2m:[0;39m HikariPool-14 - Shutdown completed.

  .   ____          _            __ _ _
 /\\ / ___'_ __ _ _(_)_ __  __ _ \ \ \ \
( ( )\___ | '_ | '_| | '_ \/ _` | \ \ \ \
 \\/  ___)| |_)| | | | | || (_| |  ) ) ) )
  '  |____| .__|_| |_|_| |_\__, | / / / /
 =========|_|==============|___/=/_/_/_/
[32m :: Spring Boot :: [39m              [2m (v3.2.3)[0;39m

[2m2026-03-10T00:26:13.281+05:30[0;39m [32m INFO[0;39m [35m34744[0;39m [2m---[0;39m [2m[  restartedMain][0;39m [2m[0;39m[36mc.example.hello.HelloWorldApplication   [0;39m [2m:[0;39m Starting HelloWorldApplication using Java 24 with PID 34744 (/Users/adarshkumarsharma/.gemini/antigravity/scratch/hello-world-app/backend/target/classes started by adarshkumarsharma in /Users/adarshkumarsharma/.gemini/antigravity/scratch/hello-world-app/backend)
[2m2026-03-10T00:26:13.281+05:30[0;39m [32m INFO[0;39m [35m34744[0;39m [2m---[0;39m [2m[  restartedMain][0;39m [2m[0;39m[36mc.example.hello.HelloWorldApplication   [0;39m [2m:[0;39m The following 1 profile is active: "dev"
[2m2026-03-10T00:26:13.339+05:30[0;39m [32m INFO[0;39m [35m34744[0;39m [2m---[0;39m [2m[  restartedMain][0;39m [2m[0;39m[36m.s.d.r.c.RepositoryConfigurationDelegate[0;39m [2m:[0;39m Bootstrapping Spring Data JPA repositories in DEFAULT mode.
[2m2026-03-10T00:26:13.343+05:30[0;39m [32m INFO[0;39m [35m34744[0;39m [2m---[0;39m [2m[  restartedMain][0;39m [2m[0;39m[36m.s.d.r.c.RepositoryConfigurationDelegate[0;39m [2m:[0;39m Finished Spring Data repository scanning in 3 ms. Found 1 JPA repository interface.
[2m2026-03-10T00:26:13.398+05:30[0;39m [32m INFO[0;39m [35m34744[0;39m [2m---[0;39m [2m[  restartedMain][0;39m [2m[0;39m[36mo.s.b.w.embedded.tomcat.TomcatWebServer [0;39m [2m:[0;39m Tomcat initialized with port 8080 (http)
[2m2026-03-10T00:26:13.398+05:30[0;39m [32m INFO[0;39m [35m34744[0;39m [2m---[0;39m [2m[  restartedMain][0;39m [2m[0;39m[36mo.apache.catalina.core.StandardService  [0;39m [2m:[0;39m Starting service [Tomcat]
[2m2026-03-10T00:26:13.398+05:30[0;39m [32m INFO[0;39m [35m34744[0;39m [2m---[0;39m [2m[  restartedMain][0;39m [2m[0;39m[36mo.apache.catalina.core.StandardEngine   [0;39m [2m:[0;39m Starting Servlet engine: [Apache Tomcat/10.1.19]
[2m2026-03-10T00:26:13.402+05:30[0;39m [32m INFO[0;39m [35m34744[0;39m [2m---[0;39m [2m[  restartedMain][0;39m [2m[0;39m[36mo.a.c.c.C.[Tomcat-1].[localhost].[/]    [0;39m [2m:[0;39m Initializing Spring embedded WebApplicationContext
[2m2026-03-10T00:26:13.402+05:30[0;39m [32m INFO[0;39m [35m34744[0;39m [2m---[0;39m [2m[  restartedMain][0;39m [2m[0;39m[36mw.s.c.ServletWebServerApplicationContext[0;39m [2m:[0;39m Root WebApplicationContext: initialization completed in 121 ms
[2m2026-03-10T00:26:13.411+05:30[0;39m [32m INFO[0;39m [35m34744[0;39m [2m---[0;39m [2m[  restartedMain][0;39m [2m[0;39m[36mcom.zaxxer.hikari.HikariDataSource      [0;39m [2m:[0;39m HikariPool-15 - Starting...
[2m2026-03-10T00:26:13.412+05:30[0;39m [32m INFO[0;39m [35m34744[0;39m [2m---[0;39m [2m[  restartedMain][0;39m [2m[0;39m[36mcom.zaxxer.hikari.pool.HikariPool       [0;39m [2m:[0;39m HikariPool-15 - Added connection conn161: url=jdbc:h2:mem:adarsh_awning user=SA
[2m2026-03-10T00:26:13.412+05:30[0;39m [32m INFO[0;39m [35m34744[0;39m [2m---[0;39m [2m[  restartedMain][0;39m [2m[0;39m[36mcom.zaxxer.hikari.HikariDataSource      [0;39m [2m:[0;39m HikariPool-15 - Start completed.
[2m2026-03-10T00:26:13.412+05:30[0;39m [32m INFO[0;39m [35m34744[0;39m [2m---[0;39m [2m[  restartedMain][0;39m [2m[0;39m[36mo.s.b.a.h2.H2ConsoleAutoConfiguration   [0;39m [2m:[0;39m H2 console available at '/h2-console'. Database available at 'jdbc:h2:mem:adarsh_awning'
[2m2026-03-10T00:26:13.426+05:30[0;39m [32m INFO[0;39m [35m34744[0;39m [2m---[0;39m [2m[  restartedMain][0;39m [2m[0;39m[36mo.hibernate.jpa.internal.util.LogHelper [0;39m [2m:[0;39m HHH000204: Processing PersistenceUnitInfo [name: default]
[2m2026-03-10T00:26:13.427+05:30[0;39m [32m INFO[0;39m [35m34744[0;39m [2m---[0;39m [2m[  restartedMain][0;39m [2m[0;39m[36mo.h.c.internal.RegionFactoryInitiator   [0;39m [2m:[0;39m HHH000026: Second-level cache disabled
[2m2026-03-10T00:26:13.428+05:30[0;39m [32m INFO[0;39m [35m34744[0;39m [2m---[0;39m [2m[  restartedMain][0;39m [2m[0;39m[36mo.s.o.j.p.SpringPersistenceUnitInfo     [0;39m [2m:[0;39m No LoadTimeWeaver setup: ignoring JPA class transformer
[2m2026-03-10T00:26:13.428+05:30[0;39m [33m WARN[0;39m [35m34744[0;39m [2m---[0;39m [2m[  restartedMain][0;39m [2m[0;39m[36morg.hibernate.orm.deprecation           [0;39m [2m:[0;39m HHH90000025: H2Dialect does not need to be specified explicitly using 'hibernate.dialect' (remove the property setting and it will be selected by default)
[2m2026-03-10T00:26:13.440+05:30[0;39m [32m INFO[0;39m [35m34744[0;39m [2m---[0;39m [2m[  restartedMain][0;39m [2m[0;39m[36mo.h.e.t.j.p.i.JtaPlatformInitiator      [0;39m [2m:[0;39m HHH000489: No JTA platform available (set 'hibernate.transaction.jta.platform' to enable JTA platform integration)
Hibernate: create table awning_users (id bigint generated by default as identity, email varchar(255) not null, password varchar(255) not null, username varchar(255) not null, primary key (id))
Hibernate: create table user_roles (user_id bigint not null, role varchar(255))
Hibernate: alter table if exists awning_users drop constraint if exists UK_p57up92fffrjenncqn3wtawix
Hibernate: alter table if exists awning_users add constraint UK_p57up92fffrjenncqn3wtawix unique (email)
Hibernate: alter table if exists awning_users drop constraint if exists UK_2uxc8urxrfk51ok6fkcn08b9b
Hibernate: alter table if exists awning_users add constraint UK_2uxc8urxrfk51ok6fkcn08b9b unique (username)
Hibernate: alter table if exists user_roles add constraint FKgsmpf944rieaqg7hi70jbpy66 foreign key (user_id) references awning_users
[2m2026-03-10T00:26:13.442+05:30[0;39m [32m INFO[0;39m [35m34744[0;39m [2m---[0;39m [2m[  restartedMain][0;39m [2m[0;39m[36mj.LocalContainerEntityManagerFactoryBean[0;39m [2m:[0;39m Initialized JPA EntityManagerFactory for persistence unit 'default'
[2m2026-03-10T00:26:13.513+05:30[0;39m [33m WARN[0;39m [35m34744[0;39m [2m---[0;39m [2m[  restartedMain][0;39m [2m[0;39m[36mJpaBaseConfiguration$JpaWebConfiguration[0;39m [2m:[0;39m spring.jpa.open-in-view is enabled by default. Therefore, database queries may be performed during view rendering. Explicitly configure spring.jpa.open-in-view to disable this warning
[2m2026-03-10T00:26:13.607+05:30[0;39m [32m INFO[0;39m [35m34744[0;39m [2m---[0;39m [2m[  restartedMain][0;39m [2m[0;39m[36mo.s.s.web.DefaultSecurityFilterChain    [0;39m [2m:[0;39m Will secure any request with [org.springframework.security.web.session.DisableEncodeUrlFilter@459b48c6, org.springframework.security.web.context.request.async.WebAsyncManagerIntegrationFilter@296d8d84, org.springframework.security.web.context.SecurityContextHolderFilter@559a47e0, org.springframework.security.web.header.HeaderWriterFilter@149401fb, org.springframework.web.filter.CorsFilter@64901f6, org.springframework.security.web.authentication.logout.LogoutFilter@77a37736, com.example.hello.security.AuthTokenFilter@5f7354a0, org.springframework.security.web.savedrequest.RequestCacheAwareFilter@69fb46d1, org.springframework.security.web.servletapi.SecurityContextHolderAwareRequestFilter@5d5419cc, org.springframework.security.web.authentication.AnonymousAuthenticationFilter@6b11bd55, org.springframework.security.web.session.SessionManagementFilter@2bf0d106, org.springframework.security.web.access.ExceptionTranslationFilter@476f7654, org.springframework.security.web.access.intercept.AuthorizationFilter@39ba91e3]
[2m2026-03-10T00:26:13.681+05:30[0;39m [32m INFO[0;39m [35m34744[0;39m [2m---[0;39m [2m[  restartedMain][0;39m [2m[0;39m[36mo.s.b.d.a.OptionalLiveReloadServer      [0;39m [2m:[0;39m LiveReload server is running on port 35729
[2m2026-03-10T00:26:13.686+05:30[0;39m [32m INFO[0;39m [35m34744[0;39m [2m---[0;39m [2m[  restartedMain][0;39m [2m[0;39m[36mo.s.b.w.embedded.tomcat.TomcatWebServer [0;39m [2m:[0;39m Tomcat started on port 8080 (http) with context path ''
[2m2026-03-10T00:26:13.688+05:30[0;39m [32m INFO[0;39m [35m34744[0;39m [2m---[0;39m [2m[  restartedMain][0;39m [2m[0;39m[36mc.example.hello.HelloWorldApplication   [0;39m [2m:[0;39m Started HelloWorldApplication in 0.415 seconds (process running for 10581.253)
###### ACTIVE PROFILES: [dev]
[2m2026-03-10T00:26:13.688+05:30[0;39m [32m INFO[0;39m [35m34744[0;39m [2m---[0;39m [2m[  restartedMain][0;39m [2m[0;39m[36m.ConditionEvaluationDeltaLoggingListener[0;39m [2m:[0;39m Condition evaluation unchanged
[2m2026-03-10T00:31:26.020+05:30[0;39m [32m INFO[0;39m [35m34744[0;39m [2m---[0;39m [2m[   File Watcher][0;39m [2m[0;39m[36mrtingClassPathChangeChangedEventListener[0;39m [2m:[0;39m Restarting due to 1 class path change (0 additions, 0 deletions, 1 modification)
[2m2026-03-10T00:31:26.062+05:30[0;39m [32m INFO[0;39m [35m34744[0;39m [2m---[0;39m [2m[      Thread-63][0;39m [2m[0;39m[36mj.LocalContainerEntityManagerFactoryBean[0;39m [2m:[0;39m Closing JPA EntityManagerFactory for persistence unit 'default'
[2m2026-03-10T00:31:26.070+05:30[0;39m [33m WARN[0;39m [35m34744[0;39m [2m---[0;39m [2m[      Thread-63][0;39m [2m[0;39m[36mo.s.b.f.support.DisposableBeanAdapter   [0;39m [2m:[0;39m Invocation of destroy method failed on bean with name 'inMemoryDatabaseShutdownExecutor': org.h2.jdbc.JdbcSQLNonTransientConnectionException: Database is already closed (to disable automatic closing at VM shutdown, add ";DB_CLOSE_ON_EXIT=FALSE" to the db URL) [90121-224]
[2m2026-03-10T00:31:26.070+05:30[0;39m [32m INFO[0;39m [35m34744[0;39m [2m---[0;39m [2m[      Thread-63][0;39m [2m[0;39m[36mcom.zaxxer.hikari.HikariDataSource      [0;39m [2m:[0;39m HikariPool-15 - Shutdown initiated...
[2m2026-03-10T00:31:26.072+05:30[0;39m [32m INFO[0;39m [35m34744[0;39m [2m---[0;39m [2m[      Thread-63][0;39m [2m[0;39m[36mcom.zaxxer.hikari.HikariDataSource      [0;39m [2m:[0;39m HikariPool-15 - Shutdown completed.

  .   ____          _            __ _ _
 /\\ / ___'_ __ _ _(_)_ __  __ _ \ \ \ \
( ( )\___ | '_ | '_| | '_ \/ _` | \ \ \ \
 \\/  ___)| |_)| | | | | || (_| |  ) ) ) )
  '  |____| .__|_| |_|_| |_\__, | / / / /
 =========|_|==============|___/=/_/_/_/
[32m :: Spring Boot :: [39m              [2m (v3.2.3)[0;39m

[2m2026-03-10T00:31:26.131+05:30[0;39m [32m INFO[0;39m [35m34744[0;39m [2m---[0;39m [2m[  restartedMain][0;39m [2m[0;39m[36mc.example.hello.HelloWorldApplication   [0;39m [2m:[0;39m Starting HelloWorldApplication using Java 24 with PID 34744 (/Users/adarshkumarsharma/.gemini/antigravity/scratch/hello-world-app/backend/target/classes started by adarshkumarsharma in /Users/adarshkumarsharma/.gemini/antigravity/scratch/hello-world-app/backend)
[2m2026-03-10T00:31:26.131+05:30[0;39m [32m INFO[0;39m [35m34744[0;39m [2m---[0;39m [2m[  restartedMain][0;39m [2m[0;39m[36mc.example.hello.HelloWorldApplication   [0;39m [2m:[0;39m The following 1 profile is active: "dev"
[2m2026-03-10T00:31:26.211+05:30[0;39m [32m INFO[0;39m [35m34744[0;39m [2m---[0;39m [2m[  restartedMain][0;39m [2m[0;39m[36m.s.d.r.c.RepositoryConfigurationDelegate[0;39m [2m:[0;39m Bootstrapping Spring Data JPA repositories in DEFAULT mode.
[2m2026-03-10T00:31:26.215+05:30[0;39m [32m INFO[0;39m [35m34744[0;39m [2m---[0;39m [2m[  restartedMain][0;39m [2m[0;39m[36m.s.d.r.c.RepositoryConfigurationDelegate[0;39m [2m:[0;39m Finished Spring Data repository scanning in 4 ms. Found 1 JPA repository interface.
[2m2026-03-10T00:31:26.313+05:30[0;39m [32m INFO[0;39m [35m34744[0;39m [2m---[0;39m [2m[  restartedMain][0;39m [2m[0;39m[36mo.s.b.w.embedded.tomcat.TomcatWebServer [0;39m [2m:[0;39m Tomcat initialized with port 8080 (http)
[2m2026-03-10T00:31:26.315+05:30[0;39m [32m INFO[0;39m [35m34744[0;39m [2m---[0;39m [2m[  restartedMain][0;39m [2m[0;39m[36mo.apache.catalina.core.StandardService  [0;39m [2m:[0;39m Starting service [Tomcat]
[2m2026-03-10T00:31:26.315+05:30[0;39m [32m INFO[0;39m [35m34744[0;39m [2m---[0;39m [2m[  restartedMain][0;39m [2m[0;39m[36mo.apache.catalina.core.StandardEngine   [0;39m [2m:[0;39m Starting Servlet engine: [Apache Tomcat/10.1.19]
[2m2026-03-10T00:31:26.324+05:30[0;39m [32m INFO[0;39m [35m34744[0;39m [2m---[0;39m [2m[  restartedMain][0;39m [2m[0;39m[36mo.a.c.c.C.[Tomcat-1].[localhost].[/]    [0;39m [2m:[0;39m Initializing Spring embedded WebApplicationContext
[2m2026-03-10T00:31:26.324+05:30[0;39m [32m INFO[0;39m [35m34744[0;39m [2m---[0;39m [2m[  restartedMain][0;39m [2m[0;39m[36mw.s.c.ServletWebServerApplicationContext[0;39m [2m:[0;39m Root WebApplicationContext: initialization completed in 192 ms
[2m2026-03-10T00:31:26.345+05:30[0;39m [32m INFO[0;39m [35m34744[0;39m [2m---[0;39m [2m[  restartedMain][0;39m [2m[0;39m[36mcom.zaxxer.hikari.HikariDataSource      [0;39m [2m:[0;39m HikariPool-16 - Starting...
[2m2026-03-10T00:31:26.350+05:30[0;39m [32m INFO[0;39m [35m34744[0;39m [2m---[0;39m [2m[  restartedMain][0;39m [2m[0;39m[36mcom.zaxxer.hikari.pool.HikariPool       [0;39m [2m:[0;39m HikariPool-16 - Added connection conn171: url=jdbc:h2:mem:adarsh_awning user=SA
[2m2026-03-10T00:31:26.350+05:30[0;39m [32m INFO[0;39m [35m34744[0;39m [2m---[0;39m [2m[  restartedMain][0;39m [2m[0;39m[36mcom.zaxxer.hikari.HikariDataSource      [0;39m [2m:[0;39m HikariPool-16 - Start completed.
[2m2026-03-10T00:31:26.351+05:30[0;39m [32m INFO[0;39m [35m34744[0;39m [2m---[0;39m [2m[  restartedMain][0;39m [2m[0;39m[36mo.s.b.a.h2.H2ConsoleAutoConfiguration   [0;39m [2m:[0;39m H2 console available at '/h2-console'. Database available at 'jdbc:h2:mem:adarsh_awning'
[2m2026-03-10T00:31:26.393+05:30[0;39m [32m INFO[0;39m [35m34744[0;39m [2m---[0;39m [2m[  restartedMain][0;39m [2m[0;39m[36mo.hibernate.jpa.internal.util.LogHelper [0;39m [2m:[0;39m HHH000204: Processing PersistenceUnitInfo [name: default]
[2m2026-03-10T00:31:26.394+05:30[0;39m [32m INFO[0;39m [35m34744[0;39m [2m---[0;39m [2m[  restartedMain][0;39m [2m[0;39m[36mo.h.c.internal.RegionFactoryInitiator   [0;39m [2m:[0;39m HHH000026: Second-level cache disabled
[2m2026-03-10T00:31:26.395+05:30[0;39m [32m INFO[0;39m [35m34744[0;39m [2m---[0;39m [2m[  restartedMain][0;39m [2m[0;39m[36mo.s.o.j.p.SpringPersistenceUnitInfo     [0;39m [2m:[0;39m No LoadTimeWeaver setup: ignoring JPA class transformer
[2m2026-03-10T00:31:26.396+05:30[0;39m [33m WARN[0;39m [35m34744[0;39m [2m---[0;39m [2m[  restartedMain][0;39m [2m[0;39m[36morg.hibernate.orm.deprecation           [0;39m [2m:[0;39m HHH90000025: H2Dialect does not need to be specified explicitly using 'hibernate.dialect' (remove the property setting and it will be selected by default)
[2m2026-03-10T00:31:26.423+05:30[0;39m [32m INFO[0;39m [35m34744[0;39m [2m---[0;39m [2m[  restartedMain][0;39m [2m[0;39m[36mo.h.e.t.j.p.i.JtaPlatformInitiator      [0;39m [2m:[0;39m HHH000489: No JTA platform available (set 'hibernate.transaction.jta.platform' to enable JTA platform integration)
Hibernate: create table awning_users (id bigint generated by default as identity, email varchar(255) not null, password varchar(255) not null, username varchar(255) not null, primary key (id))
Hibernate: create table user_roles (user_id bigint not null, role varchar(255))
Hibernate: alter table if exists awning_users drop constraint if exists UK_p57up92fffrjenncqn3wtawix
Hibernate: alter table if exists awning_users add constraint UK_p57up92fffrjenncqn3wtawix unique (email)
Hibernate: alter table if exists awning_users drop constraint if exists UK_2uxc8urxrfk51ok6fkcn08b9b
Hibernate: alter table if exists awning_users add constraint UK_2uxc8urxrfk51ok6fkcn08b9b unique (username)
Hibernate: alter table if exists user_roles add constraint FKgsmpf944rieaqg7hi70jbpy66 foreign key (user_id) references awning_users
[2m2026-03-10T00:31:26.426+05:30[0;39m [32m INFO[0;39m [35m34744[0;39m [2m---[0;39m [2m[  restartedMain][0;39m [2m[0;39m[36mj.LocalContainerEntityManagerFactoryBean[0;39m [2m:[0;39m Initialized JPA EntityManagerFactory for persistence unit 'default'
[2m2026-03-10T00:31:26.519+05:30[0;39m [33m WARN[0;39m [35m34744[0;39m [2m---[0;39m [2m[  restartedMain][0;39m [2m[0;39m[36mJpaBaseConfiguration$JpaWebConfiguration[0;39m [2m:[0;39m spring.jpa.open-in-view is enabled by default. Therefore, database queries may be performed during view rendering. Explicitly configure spring.jpa.open-in-view to disable this warning
[2m2026-03-10T00:31:26.605+05:30[0;39m [32m INFO[0;39m [35m34744[0;39m [2m---[0;39m [2m[  restartedMain][0;39m [2m[0;39m[36mo.s.s.web.DefaultSecurityFilterChain    [0;39m [2m:[0;39m Will secure any request with [org.springframework.security.web.session.DisableEncodeUrlFilter@355fbb50, org.springframework.security.web.context.request.async.WebAsyncManagerIntegrationFilter@379bc8a4, org.springframework.security.web.context.SecurityContextHolderFilter@28968405, org.springframework.security.web.header.HeaderWriterFilter@75663da4, org.springframework.web.filter.CorsFilter@32263647, org.springframework.security.web.authentication.logout.LogoutFilter@1f213dc, com.example.hello.security.AuthTokenFilter@7279f287, org.springframework.security.web.savedrequest.RequestCacheAwareFilter@3f3dd7d6, org.springframework.security.web.servletapi.SecurityContextHolderAwareRequestFilter@7b724688, org.springframework.security.web.authentication.AnonymousAuthenticationFilter@7b67d80, org.springframework.security.web.session.SessionManagementFilter@5bcd904f, org.springframework.security.web.access.ExceptionTranslationFilter@7a2db22b, org.springframework.security.web.access.intercept.AuthorizationFilter@24a230eb]
[2m2026-03-10T00:31:26.689+05:30[0;39m [32m INFO[0;39m [35m34744[0;39m [2m---[0;39m [2m[  restartedMain][0;39m [2m[0;39m[36mo.s.b.d.a.OptionalLiveReloadServer      [0;39m [2m:[0;39m LiveReload server is running on port 35729
[2m2026-03-10T00:31:26.694+05:30[0;39m [32m INFO[0;39m [35m34744[0;39m [2m---[0;39m [2m[  restartedMain][0;39m [2m[0;39m[36mo.s.b.w.embedded.tomcat.TomcatWebServer [0;39m [2m:[0;39m Tomcat started on port 8080 (http) with context path ''
[2m2026-03-10T00:31:26.696+05:30[0;39m [32m INFO[0;39m [35m34744[0;39m [2m---[0;39m [2m[  restartedMain][0;39m [2m[0;39m[36mc.example.hello.HelloWorldApplication   [0;39m [2m:[0;39m Started HelloWorldApplication in 0.575 seconds (process running for 10894.26)
###### ACTIVE PROFILES: [dev]
[2m2026-03-10T00:31:26.697+05:30[0;39m [32m INFO[0;39m [35m34744[0;39m [2m---[0;39m [2m[  restartedMain][0;39m [2m[0;39m[36m.ConditionEvaluationDeltaLoggingListener[0;39m [2m:[0;39m Condition evaluation unchanged
